date,store_id,customer_id,revenue
2023-01-01,7,1,4313.56
2023-01-15,7,1,3937.37
2023-01-29,7,1,4241.33
2023-02-12,7,1,3980.54
2023-02-26,7,1,4226.81
2023-03-12,7,1,4535.37
2023-03-26,7,1,
2023-04-09,7,1,5117.74
2023-04-23,7,1,3468.35
2023-05-07,7,1,4664.43
2023-05-21,7,1,4249.5
2023-06-04,7,1,4203.73
2023-06-18,7,1,4168.52
2023-07-02,7,1,4226.15
2023-07-16,7,1,3863.71
2023-07-30,7,1,3879.81
2023-08-13,7,1,3754.31
2023-08-27,7,1,3733.37
2023-09-10,7,1,4089.33
2023-09-24,7,1,4324.44
2023-10-08,7,1,3191.84
2023-10-22,7,1,3535.95
2023-11-05,7,1,3880.84
2023-11-19,7,1,3245.07
2023-01-01,2,2,2321.44
2023-01-15,2,2,2410.21
2023-01-29,2,2,2515.83
2023-02-12,2,2,2437.64
2023-02-26,2,2,3000.79
2023-03-12,2,2,2736.28
2023-03-26,2,2,2287.56
2023-04-09,2,2,
2023-04-23,2,2,2062.9
2023-05-07,2,2,
2023-05-21,2,2,2572.39
2023-06-04,2,2,2175.47
2023-06-18,2,2,2378.85
2023-07-02,2,2,2412.23
2023-07-16,2,2,2017.7
2023-07-30,2,2,2145.32
2023-08-13,2,2,2342.41
2023-08-27,2,2,2483.25
2023-09-10,2,2,2139.2
2023-09-24,2,2,2033.41
2023-10-08,2,2,1874.5
2023-10-22,2,2,1873.18
2023-11-05,2,2,2056.73
2023-11-19,2,2,1907.47
2023-01-01,1,3,2090.89
2023-01-15,1,3,1967.13
2023-01-29,1,3,1855.15
2023-02-12,1,3,2186.12
2023-02-26,1,3,2169.75
2023-03-12,1,3,2316.29
2023-03-26,1,3,2367.61
2023-04-09,1,3,2137.97
2023-04-23,1,3,2043.66
2023-05-07,1,3,2000.51
2023-05-21,1,3,1531.68
2023-06-04,1,3,2068.04
2023-06-18,1,3,2045.42
2023-07-02,1,3,1881.16
2023-07-16,1,3,1686.75
2023-07-30,1,3,2093.2
2023-08-13,1,3,1783.14
2023-08-27,1,3,1435.98
2023-09-10,1,3,1754.82
2023-09-24,1,3,1641.61
2023-10-08,1,3,1816.1
2023-10-22,1,3,1686.22
2023-11-05,1,3,1822.38
2023-11-19,1,3,1786.51
2023-01-01,8,4,1446.23
2023-01-15,8,4,1826.65
2023-01-29,8,4,1506.29
2023-02-12,8,4,1687.28
2023-02-26,8,4,
2023-03-12,8,4,1853.97
2023-03-26,8,4,1827.26
2023-04-09,8,4,1533.0
2023-04-23,8,4,1812.82
2023-05-07,8,4,1672.26
2023-05-21,8,4,1616.2
2023-06-04,8,4,1728.19
2023-06-18,8,4,1819.56
2023-07-02,8,4,1966.51
2023-07-16,8,4,1304.61
2023-07-30,8,4,1682.3
2023-08-13,8,4,1561.46
2023-08-27,8,4,1630.69
2023-09-10,8,4,
2023-09-24,8,4,1546.48
2023-10-08,8,4,1441.09
2023-10-22,8,4,1231.85
2023-11-05,8,4,1555.72
2023-11-19,8,4,1315.74
2023-01-01,4,5,2339.19
2023-01-15,4,5,2409.96
2023-01-29,4,5,2740.56
2023-02-12,4,5,2325.64
2023-02-26,4,5,2325.28
2023-03-12,4,5,2439.93
2023-03-26,4,5,2642.24
2023-04-09,4,5,2073.37
2023-04-23,4,5,2348.12
2023-05-07,4,5,1987.01
2023-05-21,4,5,1906.67
2023-06-04,4,5,2194.84
2023-06-18,4,5,2171.18
2023-07-02,4,5,2220.67
2023-07-16,4,5,1891.96
2023-07-30,4,5,1919.57
2023-08-13,4,5,1717.25
2023-08-27,4,5,1623.0
2023-09-10,4,5,1701.11
2023-09-24,4,5,2234.29
2023-10-08,4,5,2125.6
2023-10-22,4,5,1851.86
2023-11-05,4,5,1585.32
2023-11-19,4,5,2107.43
2023-01-01,8,6,4854.93
2023-01-15,8,6,6503.24
2023-01-29,8,6,5270.01
2023-02-12,8,6,5220.74
2023-02-26,8,6,4636.48
2023-03-12,8,6,4933.65
2023-03-26,8,6,6134.84
2023-04-09,8,6,4205.71
2023-04-23,8,6,4821.07
2023-05-07,8,6,5487.93
2023-05-21,8,6,4581.86
2023-06-04,8,6,5133.0
2023-06-18,8,6,4736.75
2023-07-02,8,6,4305.25
2023-07-16,8,6,3562.21
2023-07-30,8,6,4478.35
2023-08-13,8,6,3936.31
2023-08-27,8,6,4175.78
2023-09-10,8,6,4410.5
2023-09-24,8,6,4550.81
2023-10-08,8,6,3933.28
2023-10-22,8,6,3877.97
2023-11-05,8,6,3649.7
2023-11-19,8,6,4727.69
2023-01-01,5,7,2764.13
2023-01-15,5,7,3178.29
2023-01-29,5,7,3552.83
2023-02-12,5,7,3724.09
2023-02-26,5,7,2468.8
2023-03-12,5,7,3225.25
2023-03-26,5,7,4107.12
2023-04-09,5,7,3109.94
2023-04-23,5,7,4024.29
2023-05-07,5,7,3051.29
2023-05-21,5,7,3146.59
2023-06-04,5,7,3551.35
2023-06-18,5,7,3350.36
2023-07-02,5,7,3124.61
2023-07-16,5,7,3688.28
2023-07-30,5,7,2696.86
2023-08-13,5,7,2986.07
2023-08-27,5,7,3175.32
2023-09-10,5,7,3039.4
2023-09-24,5,7,2727.11
2023-10-08,5,7,2738.29
2023-10-22,5,7,3225.34
2023-11-05,5,7,3278.15
2023-11-19,5,7,3137.49
2023-01-01,9,8,3468.74
2023-01-15,9,8,2485.66
2023-01-29,9,8,2998.79
2023-02-12,9,8,3003.46
2023-02-26,9,8,2757.4
2023-03-12,9,8,3352.3
2023-03-26,9,8,3074.83
2023-04-09,9,8,2861.8
2023-04-23,9,8,2783.69
2023-05-07,9,8,2958.1
2023-05-21,9,8,3276.46
2023-06-04,9,8,3064.16
2023-06-18,9,8,2781.11
2023-07-02,9,8,2959.09
2023-07-16,9,8,2465.33
2023-07-30,9,8,2906.01
2023-08-13,9,8,3305.64
2023-08-27,9,8,2840.78
2023-09-10,9,8,2714.72
2023-09-24,9,8,2695.82
2023-10-08,9,8,2521.69
2023-10-22,9,8,2286.5
2023-11-05,9,8,2253.14
2023-11-19,9,8,2793.07
2023-01-01,6,9,3888.6
2023-01-15,6,9,4829.24
2023-01-29,6,9,3509.7
2023-02-12,6,9,5090.76
2023-02-26,6,9,4377.47
2023-03-12,6,9,4546.46
2023-03-26,6,9,5099.44
2023-04-09,6,9,4890.16
2023-04-23,6,9,3943.53
2023-05-07,6,9,4146.12
2023-05-21,6,9,4458.94
2023-06-04,6,9,4756.05
2023-06-18,6,9,4450.27
2023-07-02,6,9,4176.62
2023-07-16,6,9,3875.31
2023-07-30,6,9,4735.01
2023-08-13,6,9,3833.72
2023-08-27,6,9,4219.94
2023-09-10,6,9,3702.51
2023-09-24,6,9,3181.26
2023-10-08,6,9,2949.85
2023-10-22,6,9,3920.05
2023-11-05,6,9,4124.54
2023-11-19,6,9,4496.45
2023-01-01,2,10,2894.91
2023-01-15,2,10,2709.44
2023-01-29,2,10,2941.27
2023-02-12,2,10,3611.57
2023-02-26,2,10,3295.23
2023-03-12,2,10,3117.98
2023-03-26,2,10,3328.27
2023-04-09,2,10,3518.53
2023-04-23,2,10,2856.9
2023-05-07,2,10,3035.62
2023-05-21,2,10,2917.45
2023-06-04,2,10,2917.99
2023-06-18,2,10,3050.34
2023-07-02,2,10,2852.53
2023-07-16,2,10,3187.93
2023-07-30,2,10,2671.86
2023-08-13,2,10,2906.29
2023-08-27,2,10,3135.94
2023-09-10,2,10,2879.82
2023-09-24,2,10,3047.62
2023-10-08,2,10,2746.82
2023-10-22,2,10,2718.44
2023-11-05,2,10,2478.15
2023-11-19,2,10,2819.55
2023-01-01,1,11,4689.12
2023-01-15,1,11,3573.57
2023-01-29,1,11,3533.34
2023-02-12,1,11,4275.63
2023-02-26,1,11,3528.66
2023-03-12,1,11,4368.98
2023-03-26,1,11,4574.36
2023-04-09,1,11,4047.07
2023-04-23,1,11,4375.95
2023-05-07,1,11,4739.79
2023-05-21,1,11,4076.73
2023-06-04,1,11,3890.76
2023-06-18,1,11,4076.07
2023-07-02,1,11,3606.14
2023-07-16,1,11,4718.06
2023-07-30,1,11,3850.93
2023-08-13,1,11,3475.71
2023-08-27,1,11,3779.87
2023-09-10,1,11,3603.98
2023-09-24,1,11,3537.54
2023-10-08,1,11,3413.32
2023-10-22,1,11,3418.59
2023-11-05,1,11,3085.59
2023-11-19,1,11,4310.4
2023-01-01,8,12,1196.19
2023-01-15,8,12,1178.86
2023-01-29,8,12,1112.27
2023-02-12,8,12,1272.27
2023-02-26,8,12,1105.63
2023-03-12,8,12,1265.64
2023-03-26,8,12,1216.57
2023-04-09,8,12,1111.79
2023-04-23,8,12,962.09
2023-05-07,8,12,1145.79
2023-05-21,8,12,1342.79
2023-06-04,8,12,1210.2
2023-06-18,8,12,903.7
2023-07-02,8,12,1215.4
2023-07-16,8,12,916.34
2023-07-30,8,12,1112.68
2023-08-13,8,12,957.78
2023-08-27,8,12,869.86
2023-09-10,8,12,1015.18
2023-09-24,8,12,
2023-10-08,8,12,989.01
2023-10-22,8,12,1046.01
2023-11-05,8,12,1040.17
2023-11-19,8,12,1222.28
2023-01-01,5,13,1241.6
2023-01-15,5,13,1133.8
2023-01-29,5,13,1440.78
2023-02-12,5,13,1310.85
2023-02-26,5,13,1444.35
2023-03-12,5,13,1305.32
2023-03-26,5,13,1359.65
2023-04-09,5,13,1423.08
2023-04-23,5,13,1601.59
2023-05-07,5,13,1373.85
2023-05-21,5,13,1500.68
2023-06-04,5,13,1596.28
2023-06-18,5,13,1450.02
2023-07-02,5,13,1313.3
2023-07-16,5,13,1358.35
2023-07-30,5,13,1197.45
2023-08-13,5,13,1263.68
2023-08-27,5,13,1209.94
2023-09-10,5,13,1261.29
2023-09-24,5,13,1153.17
2023-10-08,5,13,1261.49
2023-10-22,5,13,1159.92
2023-11-05,5,13,1348.36
2023-11-19,5,13,1209.18
2023-01-01,7,14,3811.28
2023-01-15,7,14,4105.9
2023-01-29,7,14,3198.95
2023-02-12,7,14,4332.44
2023-02-26,7,14,3170.85
2023-03-12,7,14,4592.64
2023-03-26,7,14,3753.72
2023-04-09,7,14,4270.2
2023-04-23,7,14,4235.53
2023-05-07,7,14,4602.75
2023-05-21,7,14,4315.31
2023-06-04,7,14,4148.81
2023-06-18,7,14,3778.3
2023-07-02,7,14,4392.19
2023-07-16,7,14,2787.05
2023-07-30,7,14,3787.99
2023-08-13,7,14,4642.39
2023-08-27,7,14,3472.92
2023-09-10,7,14,3858.11
2023-09-24,7,14,4085.47
2023-10-08,7,14,2906.51
2023-10-22,7,14,3112.86
2023-11-05,7,14,3689.91
2023-11-19,7,14,3545.36
2023-01-01,1,15,686.13
2023-01-15,1,15,630.67
2023-01-29,1,15,623.89
2023-02-12,1,15,554.44
2023-02-26,1,15,640.52
2023-03-12,1,15,641.97
2023-03-26,1,15,786.93
2023-04-09,1,15,669.6
2023-04-23,1,15,
2023-05-07,1,15,595.09
2023-05-21,1,15,669.15
2023-06-04,1,15,473.06
2023-06-18,1,15,668.75
2023-07-02,1,15,533.4
2023-07-16,1,15,501.69
2023-07-30,1,15,545.43
2023-08-13,1,15,589.43
2023-08-27,1,15,524.3
2023-09-10,1,15,467.87
2023-09-24,1,15,553.78
2023-10-08,1,15,477.33
2023-10-22,1,15,517.63
2023-11-05,1,15,494.33
2023-11-19,1,15,551.7
2023-01-01,3,16,2543.41
2023-01-15,3,16,2006.3
2023-01-29,3,16,1829.37
2023-02-12,3,16,2357.25
2023-02-26,3,16,1926.46
2023-03-12,3,16,2846.41
2023-03-26,3,16,2216.38
2023-04-09,3,16,2129.29
2023-04-23,3,16,2371.58
2023-05-07,3,16,2180.45
2023-05-21,3,16,2154.79
2023-06-04,3,16,2378.97
2023-06-18,3,16,2125.27
2023-07-02,3,16,1778.1
2023-07-16,3,16,2220.57
2023-07-30,3,16,2010.36
2023-08-13,3,16,2192.79
2023-08-27,3,16,1988.1
2023-09-10,3,16,1820.94
2023-09-24,3,16,1647.27
2023-10-08,3,16,2149.11
2023-10-22,3,16,2038.27
2023-11-05,3,16,1970.46
2023-11-19,3,16,2115.42
2023-01-01,5,17,1898.13
2023-01-15,5,17,1803.15
2023-01-29,5,17,1874.78
2023-02-12,5,17,2533.3
2023-02-26,5,17,2250.59
2023-03-12,5,17,2210.03
2023-03-26,5,17,2233.15
2023-04-09,5,17,2465.06
2023-04-23,5,17,2153.77
2023-05-07,5,17,2193.0
2023-05-21,5,17,1896.93
2023-06-04,5,17,2282.59
2023-06-18,5,17,2088.88
2023-07-02,5,17,2107.27
2023-07-16,5,17,2027.75
2023-07-30,5,17,1742.74
2023-08-13,5,17,2111.78
2023-08-27,5,17,
2023-09-10,5,17,1899.41
2023-09-24,5,17,2036.02
2023-10-08,5,17,1460.74
2023-10-22,5,17,1587.04
2023-11-05,5,17,1976.25
2023-11-19,5,17,1755.41
2023-01-01,10,18,790.35
2023-01-15,10,18,925.2
2023-01-29,10,18,889.43
2023-02-12,10,18,872.29
2023-02-26,10,18,870.19
2023-03-12,10,18,792.66
2023-03-26,10,18,910.26
2023-04-09,10,18,864.47
2023-04-23,10,18,912.48
2023-05-07,10,18,788.37
2023-05-21,10,18,775.58
2023-06-04,10,18,700.21
2023-06-18,10,18,761.39
2023-07-02,10,18,
2023-07-16,10,18,762.34
2023-07-30,10,18,715.91
2023-08-13,10,18,806.77
2023-08-27,10,18,821.96
2023-09-10,10,18,835.18
2023-09-24,10,18,782.57
2023-10-08,10,18,836.39
2023-10-22,10,18,814.78
2023-11-05,10,18,749.17
2023-11-19,10,18,710.59
2023-01-01,6,19,4833.98
2023-01-15,6,19,4639.14
2023-01-29,6,19,5362.45
2023-02-12,6,19,4894.12
2023-02-26,6,19,4354.53
2023-03-12,6,19,5285.34
2023-03-26,6,19,4597.4
2023-04-09,6,19,5667.93
2023-04-23,6,19,5240.26
2023-05-07,6,19,4105.46
2023-05-21,6,19,5323.24
2023-06-04,6,19,4961.06
2023-06-18,6,19,5055.66
2023-07-02,6,19,4637.44
2023-07-16,6,19,5070.65
2023-07-30,6,19,4086.31
2023-08-13,6,19,4736.0
2023-08-27,6,19,4382.94
2023-09-10,6,19,3409.94
2023-09-24,6,19,3348.42
2023-10-08,6,19,4022.56
2023-10-22,6,19,3816.51
2023-11-05,6,19,3346.9
2023-11-19,6,19,3756.26
2023-01-01,10,20,4328.35
2023-01-15,10,20,3568.47
2023-01-29,10,20,4626.98
2023-02-12,10,20,4451.8
2023-02-26,10,20,4369.95
2023-03-12,10,20,4205.68
2023-03-26,10,20,4445.23
2023-04-09,10,20,4291.4
2023-04-23,10,20,4663.39
2023-05-07,10,20,4632.89
2023-05-21,10,20,5382.41
2023-06-04,10,20,4469.58
2023-06-18,10,20,3436.19
2023-07-02,10,20,5383.19
2023-07-16,10,20,4904.5
2023-07-30,10,20,3625.77
2023-08-13,10,20,2898.96
2023-08-27,10,20,3393.56
2023-09-10,10,20,3679.44
2023-09-24,10,20,3607.88
2023-10-08,10,20,
2023-10-22,10,20,3359.8
2023-11-05,10,20,3773.54
2023-11-19,10,20,3562.14
2023-01-01,5,21,5420.45
2023-01-15,5,21,5106.15
2023-01-29,5,21,5746.79
2023-02-12,5,21,5362.05
2023-02-26,5,21,5186.34
2023-03-12,5,21,5699.25
2023-03-26,5,21,4874.97
2023-04-09,5,21,5084.99
2023-04-23,5,21,4962.86
2023-05-07,5,21,5661.68
2023-05-21,5,21,
2023-06-04,5,21,5140.83
2023-06-18,5,21,
2023-07-02,5,21,4881.72
2023-07-16,5,21,4436.8
2023-07-30,5,21,5155.69
2023-08-13,5,21,4953.93
2023-08-27,5,21,3612.62
2023-09-10,5,21,
2023-09-24,5,21,4136.18
2023-10-08,5,21,4295.11
2023-10-22,5,21,5047.75
2023-11-05,5,21,4278.41
2023-11-19,5,21,4877.37
2023-01-01,1,22,3883.38
2023-01-15,1,22,4803.87
2023-01-29,1,22,3926.63
2023-02-12,1,22,4995.63
2023-02-26,1,22,4049.65
2023-03-12,1,22,4275.59
2023-03-26,1,22,
2023-04-09,1,22,4653.1
2023-04-23,1,22,4608.12
2023-05-07,1,22,4274.48
2023-05-21,1,22,4744.98
2023-06-04,1,22,4193.14
2023-06-18,1,22,3773.68
2023-07-02,1,22,4256.24
2023-07-16,1,22,4042.39
2023-07-30,1,22,3878.99
2023-08-13,1,22,3567.82
2023-08-27,1,22,4256.36
2023-09-10,1,22,3971.53
2023-09-24,1,22,3916.57
2023-10-08,1,22,3775.01
2023-10-22,1,22,4281.82
2023-11-05,1,22,3477.06
2023-11-19,1,22,3515.56
2023-01-01,2,23,3560.74
2023-01-15,2,23,4151.69
2023-01-29,2,23,4602.75
2023-02-12,2,23,4382.16
2023-02-26,2,23,4397.97
2023-03-12,2,23,3996.21
2023-03-26,2,23,4024.05
2023-04-09,2,23,4307.97
2023-04-23,2,23,4040.82
2023-05-07,2,23,
2023-05-21,2,23,4113.82
2023-06-04,2,23,3833.46
2023-06-18,2,23,4416.69
2023-07-02,2,23,3492.02
2023-07-16,2,23,3818.17
2023-07-30,2,23,3515.6
2023-08-13,2,23,4605.12
2023-08-27,2,23,3591.43
2023-09-10,2,23,3213.0
2023-09-24,2,23,3549.57
2023-10-08,2,23,3464.94
2023-10-22,2,23,3270.88
2023-11-05,2,23,3990.31
2023-11-19,2,23,3909.57
2023-01-01,1,24,5603.95
2023-01-15,1,24,5565.5
2023-01-29,1,24,5615.92
2023-02-12,1,24,5371.98
2023-02-26,1,24,5490.94
2023-03-12,1,24,6176.59
2023-03-26,1,24,4980.2
2023-04-09,1,24,5244.4
2023-04-23,1,24,5538.01
2023-05-07,1,24,5921.95
2023-05-21,1,24,4350.44
2023-06-04,1,24,5504.18
2023-06-18,1,24,4803.13
2023-07-02,1,24,5276.51
2023-07-16,1,24,4905.81
2023-07-30,1,24,3601.51
2023-08-13,1,24,3807.52
2023-08-27,1,24,4160.07
2023-09-10,1,24,4172.99
2023-09-24,1,24,4475.21
2023-10-08,1,24,4490.91
2023-10-22,1,24,4828.6
2023-11-05,1,24,5873.89
2023-11-19,1,24,4631.71
2023-01-01,10,25,4176.12
2023-01-15,10,25,3845.27
2023-01-29,10,25,4189.35
2023-02-12,10,25,3424.2
2023-02-26,10,25,4632.2
2023-03-12,10,25,4636.81
2023-03-26,10,25,4323.79
2023-04-09,10,25,4234.79
2023-04-23,10,25,4104.33
2023-05-07,10,25,4512.35
2023-05-21,10,25,4300.68
2023-06-04,10,25,2863.15
2023-06-18,10,25,3713.93
2023-07-02,10,25,3339.01
2023-07-16,10,25,3183.41
2023-07-30,10,25,4023.23
2023-08-13,10,25,3494.56
2023-08-27,10,25,3632.19
2023-09-10,10,25,3439.96
2023-09-24,10,25,2906.96
2023-10-08,10,25,2804.38
2023-10-22,10,25,3251.07
2023-11-05,10,25,3323.26
2023-11-19,10,25,3383.19
2023-01-01,5,26,3110.95
2023-01-15,5,26,3256.34
2023-01-29,5,26,3499.16
2023-02-12,5,26,3765.89
2023-02-26,5,26,3048.61
2023-03-12,5,26,3042.61
2023-03-26,5,26,3008.23
2023-04-09,5,26,3032.61
2023-04-23,5,26,3668.5
2023-05-07,5,26,3361.57
2023-05-21,5,26,2642.83
2023-06-04,5,26,3179.09
2023-06-18,5,26,2658.51
2023-07-02,5,26,2924.94
2023-07-16,5,26,2847.67
2023-07-30,5,26,2799.11
2023-08-13,5,26,2497.92
2023-08-27,5,26,2801.46
2023-09-10,5,26,2862.6
2023-09-24,5,26,2259.08
2023-10-08,5,26,2666.29
2023-10-22,5,26,2678.29
2023-11-05,5,26,2841.79
2023-11-19,5,26,2749.79
2023-01-01,9,27,1079.83
2023-01-15,9,27,979.96
2023-01-29,9,27,1081.86
2023-02-12,9,27,1080.57
2023-02-26,9,27,1163.66
2023-03-12,9,27,1127.58
2023-03-26,9,27,1203.42
2023-04-09,9,27,1051.16
2023-04-23,9,27,945.64
2023-05-07,9,27,898.63
2023-05-21,9,27,891.74
2023-06-04,9,27,994.6
2023-06-18,9,27,1018.86
2023-07-02,9,27,910.24
2023-07-16,9,27,735.13
2023-07-30,9,27,866.6
2023-08-13,9,27,869.72
2023-08-27,9,27,896.76
2023-09-10,9,27,1029.49
2023-09-24,9,27,703.66
2023-10-08,9,27,949.08
2023-10-22,9,27,944.56
2023-11-05,9,27,874.44
2023-11-19,9,27,953.26
2023-01-01,5,28,2536.9
2023-01-15,5,28,2610.64
2023-01-29,5,28,2922.26
2023-02-12,5,28,2890.42
2023-02-26,5,28,2944.65
2023-03-12,5,28,2778.63
2023-03-26,5,28,2944.71
2023-04-09,5,28,3268.74
2023-04-23,5,28,2760.03
2023-05-07,5,28,3009.64
2023-05-21,5,28,2611.84
2023-06-04,5,28,2737.49
2023-06-18,5,28,
2023-07-02,5,28,2672.23
2023-07-16,5,28,3267.02
2023-07-30,5,28,2640.89
2023-08-13,5,28,2355.89
2023-08-27,5,28,2149.56
2023-09-10,5,28,1977.61
2023-09-24,5,28,2492.11
2023-10-08,5,28,2508.46
2023-10-22,5,28,2645.28
2023-11-05,5,28,2373.09
2023-11-19,5,28,2181.07
2023-01-01,2,29,2287.78
2023-01-15,2,29,2733.03
2023-01-29,2,29,2900.66
2023-02-12,2,29,2492.54
2023-02-26,2,29,3021.73
2023-03-12,2,29,2467.79
2023-03-26,2,29,
2023-04-09,2,29,2780.07
2023-04-23,2,29,2975.09
2023-05-07,2,29,3159.03
2023-05-21,2,29,2603.45
2023-06-04,2,29,2975.97
2023-06-18,2,29,2245.13
2023-07-02,2,29,2296.43
2023-07-16,2,29,2888.59
2023-07-30,2,29,2447.71
2023-08-13,2,29,2098.88
2023-08-27,2,29,2627.4
2023-09-10,2,29,2317.02
2023-09-24,2,29,1962.79
2023-10-08,2,29,1973.16
2023-10-22,2,29,2033.17
2023-11-05,2,29,2640.36
2023-11-19,2,29,1982.14
2023-01-01,9,30,1072.16
2023-01-15,9,30,
2023-01-29,9,30,1031.86
2023-02-12,9,30,1289.34
2023-02-26,9,30,1277.02
2023-03-12,9,30,1486.26
2023-03-26,9,30,1496.19
2023-04-09,9,30,1305.77
2023-04-23,9,30,1228.19
2023-05-07,9,30,1373.77
2023-05-21,9,30,1263.74
2023-06-04,9,30,1176.1
2023-06-18,9,30,1303.94
2023-07-02,9,30,1061.94
2023-07-16,9,30,1292.75
2023-07-30,9,30,1140.22
2023-08-13,9,30,1185.81
2023-08-27,9,30,849.64
2023-09-10,9,30,1335.48
2023-09-24,9,30,1278.6
2023-10-08,9,30,1095.63
2023-10-22,9,30,1091.78
2023-11-05,9,30,1253.31
2023-11-19,9,30,1198.55
2023-01-01,1,31,5807.18
2023-01-15,1,31,4631.57
2023-01-29,1,31,3700.07
2023-02-12,1,31,4995.94
2023-02-26,1,31,5275.33
2023-03-12,1,31,5114.78
2023-03-26,1,31,3771.22
2023-04-09,1,31,5249.95
2023-04-23,1,31,5336.7
2023-05-07,1,31,4435.62
2023-05-21,1,31,4636.82
2023-06-04,1,31,4835.36
2023-06-18,1,31,4497.32
2023-07-02,1,31,4457.22
2023-07-16,1,31,4678.19
2023-07-30,1,31,4141.07
2023-08-13,1,31,3627.78
2023-08-27,1,31,4692.46
2023-09-10,1,31,3730.83
2023-09-24,1,31,4093.09
2023-10-08,1,31,3954.86
2023-10-22,1,31,3673.13
2023-11-05,1,31,
2023-11-19,1,31,4699.19
2023-01-01,5,32,637.98
2023-01-15,5,32,554.64
2023-01-29,5,32,556.15
2023-02-12,5,32,624.1
2023-02-26,5,32,565.15
2023-03-12,5,32,639.12
2023-03-26,5,32,509.64
2023-04-09,5,32,618.39
2023-04-23,5,32,657.64
2023-05-07,5,32,646.39
2023-05-21,5,32,691.76
2023-06-04,5,32,547.38
2023-06-18,5,32,594.69
2023-07-02,5,32,639.89
2023-07-16,5,32,588.1
2023-07-30,5,32,605.62
2023-08-13,5,32,477.34
2023-08-27,5,32,541.59
2023-09-10,5,32,518.0
2023-09-24,5,32,533.4
2023-10-08,5,32,481.13
2023-10-22,5,32,607.77
2023-11-05,5,32,578.09
2023-11-19,5,32,615.46
2023-01-01,5,33,2741.14
2023-01-15,5,33,3006.16
2023-01-29,5,33,2912.36
2023-02-12,5,33,3384.77
2023-02-26,5,33,3157.57
2023-03-12,5,33,3217.81
2023-03-26,5,33,3177.14
2023-04-09,5,33,3472.21
2023-04-23,5,33,3239.07
2023-05-07,5,33,2914.2
2023-05-21,5,33,2848.85
2023-06-04,5,33,3217.13
2023-06-18,5,33,2795.25
2023-07-02,5,33,3030.68
2023-07-16,5,33,2568.46
2023-07-30,5,33,2723.48
2023-08-13,5,33,
2023-08-27,5,33,3335.01
2023-09-10,5,33,2334.22
2023-09-24,5,33,3015.56
2023-10-08,5,33,3311.25
2023-10-22,5,33,2900.38
2023-11-05,5,33,2839.78
2023-11-19,5,33,3252.01
2023-01-01,6,34,4010.59
2023-01-15,6,34,3320.67
2023-01-29,6,34,3841.36
2023-02-12,6,34,4257.98
2023-02-26,6,34,4047.63
2023-03-12,6,34,3889.23
2023-03-26,6,34,4532.73
2023-04-09,6,34,4833.04
2023-04-23,6,34,4314.6
2023-05-07,6,34,3873.88
2023-05-21,6,34,4224.37
2023-06-04,6,34,3597.94
2023-06-18,6,34,3840.72
2023-07-02,6,34,4123.34
2023-07-16,6,34,3290.17
2023-07-30,6,34,4125.35
2023-08-13,6,34,4230.23
2023-08-27,6,34,3935.56
2023-09-10,6,34,3990.47
2023-09-24,6,34,3535.34
2023-10-08,6,34,3804.4
2023-10-22,6,34,3962.59
2023-11-05,6,34,3659.89
2023-11-19,6,34,2328.45
2023-01-01,4,35,3840.01
2023-01-15,4,35,4194.72
2023-01-29,4,35,3356.79
2023-02-12,4,35,4475.57
2023-02-26,4,35,3854.04
2023-03-12,4,35,5060.85
2023-03-26,4,35,4700.27
2023-04-09,4,35,4873.07
2023-04-23,4,35,4482.23
2023-05-07,4,35,4277.62
2023-05-21,4,35,3688.19
2023-06-04,4,35,3918.99
2023-06-18,4,35,4096.77
2023-07-02,4,35,4104.27
2023-07-16,4,35,3228.65
2023-07-30,4,35,3500.06
2023-08-13,4,35,3467.84
2023-08-27,4,35,3393.85
2023-09-10,4,35,3014.05
2023-09-24,4,35,4072.07
2023-10-08,4,35,3292.39
2023-10-22,4,35,3039.47
2023-11-05,4,35,4147.91
2023-11-19,4,35,4079.86
2023-01-01,2,36,1335.27
2023-01-15,2,36,1483.99
2023-01-29,2,36,1230.8
2023-02-12,2,36,1165.9
2023-02-26,2,36,1433.51
2023-03-12,2,36,1347.93
2023-03-26,2,36,
2023-04-09,2,36,1385.26
2023-04-23,2,36,1301.84
2023-05-07,2,36,1302.34
2023-05-21,2,36,1285.63
2023-06-04,2,36,1298.25
2023-06-18,2,36,1382.71
2023-07-02,2,36,1156.6
2023-07-16,2,36,1357.41
2023-07-30,2,36,1155.46
2023-08-13,2,36,1291.71
2023-08-27,2,36,1393.95
2023-09-10,2,36,1106.3
2023-09-24,2,36,1134.08
2023-10-08,2,36,988.18
2023-10-22,2,36,1144.85
2023-11-05,2,36,1202.27
2023-11-19,2,36,1230.61
2023-01-01,5,37,1473.53
2023-01-15,5,37,1790.44
2023-01-29,5,37,1746.82
2023-02-12,5,37,1823.52
2023-02-26,5,37,1721.29
2023-03-12,5,37,1720.23
2023-03-26,5,37,1987.2
2023-04-09,5,37,2258.95
2023-04-23,5,37,1759.47
2023-05-07,5,37,1814.67
2023-05-21,5,37,1749.1
2023-06-04,5,37,1592.66
2023-06-18,5,37,1618.31
2023-07-02,5,37,1985.49
2023-07-16,5,37,1495.93
2023-07-30,5,37,1588.64
2023-08-13,5,37,1436.78
2023-08-27,5,37,1507.93
2023-09-10,5,37,1382.09
2023-09-24,5,37,1405.62
2023-10-08,5,37,1250.99
2023-10-22,5,37,1515.61
2023-11-05,5,37,1458.85
2023-11-19,5,37,1629.53
2023-01-01,10,38,2748.8
2023-01-15,10,38,3122.38
2023-01-29,10,38,3535.81
2023-02-12,10,38,3074.53
2023-02-26,10,38,3016.28
2023-03-12,10,38,3232.09
2023-03-26,10,38,3692.84
2023-04-09,10,38,3096.37
2023-04-23,10,38,2947.37
2023-05-07,10,38,3418.02
2023-05-21,10,38,3816.33
2023-06-04,10,38,2597.07
2023-06-18,10,38,3317.79
2023-07-02,10,38,2926.45
2023-07-16,10,38,2808.14
2023-07-30,10,38,2896.05
2023-08-13,10,38,2643.96
2023-08-27,10,38,3046.42
2023-09-10,10,38,2470.09
2023-09-24,10,38,3055.81
2023-10-08,10,38,2822.82
2023-10-22,10,38,2544.2
2023-11-05,10,38,2880.97
2023-11-19,10,38,2579.15
2023-01-01,4,39,4601.51
2023-01-15,4,39,4462.09
2023-01-29,4,39,4797.8
2023-02-12,4,39,5403.81
2023-02-26,4,39,5474.21
2023-03-12,4,39,4876.47
2023-03-26,4,39,5538.62
2023-04-09,4,39,4942.47
2023-04-23,4,39,5304.36
2023-05-07,4,39,5120.47
2023-05-21,4,39,4624.85
2023-06-04,4,39,4295.95
2023-06-18,4,39,5158.41
2023-07-02,4,39,5187.81
2023-07-16,4,39,4576.78
2023-07-30,4,39,4282.95
2023-08-13,4,39,3673.83
2023-08-27,4,39,4668.98
2023-09-10,4,39,4211.64
2023-09-24,4,39,3941.92
2023-10-08,4,39,4451.67
2023-10-22,4,39,3478.84
2023-11-05,4,39,3685.23
2023-11-19,4,39,3902.62
2023-01-01,4,40,4896.08
2023-01-15,4,40,5073.97
2023-01-29,4,40,5141.98
2023-02-12,4,40,4926.94
2023-02-26,4,40,5052.25
2023-03-12,4,40,4706.0
2023-03-26,4,40,4165.86
2023-04-09,4,40,5590.6
2023-04-23,4,40,4909.09
2023-05-07,4,40,5065.22
2023-05-21,4,40,5366.79
2023-06-04,4,40,4732.01
2023-06-18,4,40,
2023-07-02,4,40,5008.91
2023-07-16,4,40,4163.97
2023-07-30,4,40,5012.71
2023-08-13,4,40,4580.33
2023-08-27,4,40,5200.2
2023-09-10,4,40,4270.77
2023-09-24,4,40,4110.15
2023-10-08,4,40,3756.22
2023-10-22,4,40,3777.12
2023-11-05,4,40,4783.21
2023-11-19,4,40,5217.74
2023-01-01,7,41,2749.96
2023-01-15,7,41,3194.59
2023-01-29,7,41,3131.49
2023-02-12,7,41,3488.65
2023-02-26,7,41,3112.93
2023-03-12,7,41,2722.77
2023-03-26,7,41,2854.44
2023-04-09,7,41,3145.67
2023-04-23,7,41,3574.02
2023-05-07,7,41,3048.48
2023-05-21,7,41,2975.46
2023-06-04,7,41,2877.43
2023-06-18,7,41,2698.48
2023-07-02,7,41,2619.33
2023-07-16,7,41,2639.23
2023-07-30,7,41,
2023-08-13,7,41,2728.49
2023-08-27,7,41,2516.29
2023-09-10,7,41,1896.83
2023-09-24,7,41,2160.52
2023-10-08,7,41,1876.31
2023-10-22,7,41,2201.79
2023-11-05,7,41,2988.5
2023-11-19,7,41,2734.67
2023-01-01,4,42,1094.76
2023-01-15,4,42,954.35
2023-01-29,4,42,1070.54
2023-02-12,4,42,1034.83
2023-02-26,4,42,980.69
2023-03-12,4,42,1105.29
2023-03-26,4,42,1082.33
2023-04-09,4,42,1189.97
2023-04-23,4,42,1038.54
2023-05-07,4,42,1002.25
2023-05-21,4,42,1132.7
2023-06-04,4,42,1013.18
2023-06-18,4,42,1099.67
2023-07-02,4,42,931.78
2023-07-16,4,42,976.04
2023-07-30,4,42,879.03
2023-08-13,4,42,838.16
2023-08-27,4,42,686.78
2023-09-10,4,42,1043.76
2023-09-24,4,42,839.76
2023-10-08,4,42,938.75
2023-10-22,4,42,877.43
2023-11-05,4,42,
2023-11-19,4,42,749.88
2023-01-01,6,43,991.82
2023-01-15,6,43,1014.49
2023-01-29,6,43,1200.57
2023-02-12,6,43,1101.6
2023-02-26,6,43,1138.02
2023-03-12,6,43,1310.81
2023-03-26,6,43,1203.8
2023-04-09,6,43,1102.0
2023-04-23,6,43,1252.19
2023-05-07,6,43,1089.8
2023-05-21,6,43,1057.48
2023-06-04,6,43,1177.98
2023-06-18,6,43,1071.11
2023-07-02,6,43,1127.25
2023-07-16,6,43,1219.25
2023-07-30,6,43,832.0
2023-08-13,6,43,924.81
2023-08-27,6,43,928.82
2023-09-10,6,43,795.85
2023-09-24,6,43,923.94
2023-10-08,6,43,942.77
2023-10-22,6,43,
2023-11-05,6,43,1066.98
2023-11-19,6,43,902.41
2023-01-01,5,44,2973.43
2023-01-15,5,44,3298.36
2023-01-29,5,44,2706.08
2023-02-12,5,44,3113.02
2023-02-26,5,44,3087.16
2023-03-12,5,44,3374.3
2023-03-26,5,44,3165.48
2023-04-09,5,44,2835.68
2023-04-23,5,44,2753.18
2023-05-07,5,44,2705.91
2023-05-21,5,44,3083.36
2023-06-04,5,44,3066.77
2023-06-18,5,44,2951.15
2023-07-02,5,44,3002.2
2023-07-16,5,44,3008.21
2023-07-30,5,44,2611.9
2023-08-13,5,44,2448.27
2023-08-27,5,44,2812.0
2023-09-10,5,44,2802.62
2023-09-24,5,44,2455.83
2023-10-08,5,44,2696.89
2023-10-22,5,44,2516.58
2023-11-05,5,44,2391.79
2023-11-19,5,44,3005.19
2023-01-01,3,45,1342.91
2023-01-15,3,45,1426.91
2023-01-29,3,45,1508.88
2023-02-12,3,45,1566.48
2023-02-26,3,45,1566.07
2023-03-12,3,45,1482.98
2023-03-26,3,45,1633.07
2023-04-09,3,45,1493.28
2023-04-23,3,45,1589.77
2023-05-07,3,45,1516.59
2023-05-21,3,45,1248.74
2023-06-04,3,45,1647.41
2023-06-18,3,45,1354.54
2023-07-02,3,45,1597.93
2023-07-16,3,45,1519.65
2023-07-30,3,45,1371.05
2023-08-13,3,45,1385.25
2023-08-27,3,45,1380.44
2023-09-10,3,45,1246.44
2023-09-24,3,45,1244.99
2023-10-08,3,45,1349.86
2023-10-22,3,45,861.23
2023-11-05,3,45,1287.78
2023-11-19,3,45,1258.26
2023-01-01,6,46,3287.07
2023-01-15,6,46,3321.66
2023-01-29,6,46,3070.83
2023-02-12,6,46,3562.02
2023-02-26,6,46,3075.73
2023-03-12,6,46,3040.1
2023-03-26,6,46,3292.18
2023-04-09,6,46,3296.81
2023-04-23,6,46,3075.94
2023-05-07,6,46,2856.44
2023-05-21,6,46,3195.81
2023-06-04,6,46,2470.39
2023-06-18,6,46,2733.03
2023-07-02,6,46,2966.61
2023-07-16,6,46,2466.62
2023-07-30,6,46,2716.65
2023-08-13,6,46,2803.13
2023-08-27,6,46,2537.75
2023-09-10,6,46,2468.6
2023-09-24,6,46,2386.78
2023-10-08,6,46,2636.94
2023-10-22,6,46,2949.73
2023-11-05,6,46,2519.79
2023-11-19,6,46,2285.23
2023-01-01,7,47,3373.23
2023-01-15,7,47,2477.81
2023-01-29,7,47,2590.69
2023-02-12,7,47,3166.47
2023-02-26,7,47,3058.99
2023-03-12,7,47,3402.21
2023-03-26,7,47,2834.47
2023-04-09,7,47,3283.77
2023-04-23,7,47,3113.77
2023-05-07,7,47,2727.68
2023-05-21,7,47,2771.88
2023-06-04,7,47,2894.14
2023-06-18,7,47,2590.27
2023-07-02,7,47,3072.6
2023-07-16,7,47,2897.0
2023-07-30,7,47,2498.72
2023-08-13,7,47,2535.12
2023-08-27,7,47,2796.66
2023-09-10,7,47,2486.82
2023-09-24,7,47,3037.07
2023-10-08,7,47,2633.98
2023-10-22,7,47,2280.13
2023-11-05,7,47,2245.14
2023-11-19,7,47,2873.56
2023-01-01,5,48,747.31
2023-01-15,5,48,726.18
2023-01-29,5,48,647.82
2023-02-12,5,48,750.17
2023-02-26,5,48,864.96
2023-03-12,5,48,761.26
2023-03-26,5,48,761.54
2023-04-09,5,48,938.69
2023-04-23,5,48,853.16
2023-05-07,5,48,890.22
2023-05-21,5,48,855.17
2023-06-04,5,48,807.59
2023-06-18,5,48,844.31
2023-07-02,5,48,661.64
2023-07-16,5,48,636.16
2023-07-30,5,48,581.81
2023-08-13,5,48,543.94
2023-08-27,5,48,
2023-09-10,5,48,
2023-09-24,5,48,564.36
2023-10-08,5,48,630.08
2023-10-22,5,48,460.74
2023-11-05,5,48,652.4
2023-11-19,5,48,670.49
2023-01-01,10,49,3928.97
2023-01-15,10,49,3382.81
2023-01-29,10,49,3634.48
2023-02-12,10,49,
2023-02-26,10,49,4192.02
2023-03-12,10,49,3619.08
2023-03-26,10,49,4252.65
2023-04-09,10,49,3421.06
2023-04-23,10,49,4117.11
2023-05-07,10,49,4078.98
2023-05-21,10,49,3640.97
2023-06-04,10,49,3646.99
2023-06-18,10,49,4223.87
2023-07-02,10,49,3507.71
2023-07-16,10,49,3651.88
2023-07-30,10,49,3400.05
2023-08-13,10,49,3076.86
2023-08-27,10,49,3043.51
2023-09-10,10,49,3356.02
2023-09-24,10,49,3697.9
2023-10-08,10,49,2736.11
2023-10-22,10,49,3777.59
2023-11-05,10,49,3484.01
2023-11-19,10,49,3230.1
2023-01-01,9,50,3773.29
2023-01-15,9,50,3768.61
2023-01-29,9,50,3741.27
2023-02-12,9,50,3652.07
2023-02-26,9,50,4068.89
2023-03-12,9,50,3890.51
2023-03-26,9,50,3492.03
2023-04-09,9,50,4031.39
2023-04-23,9,50,3919.76
2023-05-07,9,50,4304.29
2023-05-21,9,50,2984.76
2023-06-04,9,50,3985.02
2023-06-18,9,50,3677.41
2023-07-02,9,50,4423.23
2023-07-16,9,50,2971.7
2023-07-30,9,50,3478.82
2023-08-13,9,50,
2023-08-27,9,50,
2023-09-10,9,50,3460.17
2023-09-24,9,50,3520.69
2023-10-08,9,50,3436.92
2023-10-22,9,50,3224.48
2023-11-05,9,50,3455.82
2023-11-19,9,50,3557.1
2023-01-01,7,51,4145.88
2023-01-15,7,51,4542.18
2023-01-29,7,51,4567.6
2023-02-12,7,51,3436.86
2023-02-26,7,51,4153.11
2023-03-12,7,51,4581.72
2023-03-26,7,51,4076.11
2023-04-09,7,51,4085.56
2023-04-23,7,51,4386.96
2023-05-07,7,51,4591.0
2023-05-21,7,51,3985.58
2023-06-04,7,51,4296.33
2023-06-18,7,51,3423.94
2023-07-02,7,51,3842.92
2023-07-16,7,51,4416.74
2023-07-30,7,51,3057.3
2023-08-13,7,51,3943.42
2023-08-27,7,51,3948.27
2023-09-10,7,51,3817.09
2023-09-24,7,51,3269.8
2023-10-08,7,51,3815.1
2023-10-22,7,51,4324.59
2023-11-05,7,51,3613.16
2023-11-19,7,51,3819.97
2023-01-01,10,52,5161.59
2023-01-15,10,52,4448.74
2023-01-29,10,52,4917.47
2023-02-12,10,52,4222.46
2023-02-26,10,52,4726.5
2023-03-12,10,52,5141.48
2023-03-26,10,52,4970.58
2023-04-09,10,52,5284.66
2023-04-23,10,52,4720.73
2023-05-07,10,52,5317.86
2023-05-21,10,52,4382.36
2023-06-04,10,52,4913.32
2023-06-18,10,52,4361.79
2023-07-02,10,52,3759.9
2023-07-16,10,52,4716.69
2023-07-30,10,52,3148.22
2023-08-13,10,52,3884.39
2023-08-27,10,52,3681.16
2023-09-10,10,52,4643.2
2023-09-24,10,52,4438.51
2023-10-08,10,52,3588.59
2023-10-22,10,52,3553.54
2023-11-05,10,52,3937.61
2023-11-19,10,52,3704.85
2023-01-01,7,53,1532.65
2023-01-15,7,53,1764.42
2023-01-29,7,53,1787.07
2023-02-12,7,53,1517.55
2023-02-26,7,53,1355.33
2023-03-12,7,53,1652.3
2023-03-26,7,53,1711.49
2023-04-09,7,53,1618.25
2023-04-23,7,53,1848.45
2023-05-07,7,53,1660.57
2023-05-21,7,53,1582.71
2023-06-04,7,53,1627.17
2023-06-18,7,53,1464.22
2023-07-02,7,53,1631.51
2023-07-16,7,53,1400.39
2023-07-30,7,53,1353.29
2023-08-13,7,53,1439.02
2023-08-27,7,53,1301.92
2023-09-10,7,53,1071.8
2023-09-24,7,53,1417.58
2023-10-08,7,53,
2023-10-22,7,53,1319.98
2023-11-05,7,53,1407.83
2023-11-19,7,53,1345.24
2023-01-01,7,54,1698.73
2023-01-15,7,54,1686.73
2023-01-29,7,54,1633.04
2023-02-12,7,54,1559.58
2023-02-26,7,54,1763.45
2023-03-12,7,54,1621.83
2023-03-26,7,54,1637.64
2023-04-09,7,54,1577.37
2023-04-23,7,54,1867.4
2023-05-07,7,54,1780.64
2023-05-21,7,54,1848.16
2023-06-04,7,54,
2023-06-18,7,54,1535.74
2023-07-02,7,54,1578.37
2023-07-16,7,54,1358.6
2023-07-30,7,54,1273.34
2023-08-13,7,54,1355.34
2023-08-27,7,54,1667.55
2023-09-10,7,54,1328.03
2023-09-24,7,54,1136.79
2023-10-08,7,54,1378.57
2023-10-22,7,54,1326.56
2023-11-05,7,54,1603.47
2023-11-19,7,54,1679.93
2023-01-01,6,55,3201.73
2023-01-15,6,55,3201.15
2023-01-29,6,55,3482.8
2023-02-12,6,55,3433.53
2023-02-26,6,55,3039.72
2023-03-12,6,55,3626.2
2023-03-26,6,55,3648.79
2023-04-09,6,55,4309.08
2023-04-23,6,55,4103.14
2023-05-07,6,55,3623.46
2023-05-21,6,55,3377.56
2023-06-04,6,55,3119.33
2023-06-18,6,55,3315.51
2023-07-02,6,55,2921.48
2023-07-16,6,55,3448.74
2023-07-30,6,55,2411.0
2023-08-13,6,55,3240.18
2023-08-27,6,55,
2023-09-10,6,55,3595.47
2023-09-24,6,55,2573.32
2023-10-08,6,55,2424.0
2023-10-22,6,55,3364.09
2023-11-05,6,55,3140.78
2023-11-19,6,55,2940.71
2023-01-01,10,56,2211.14
2023-01-15,10,56,2450.8
2023-01-29,10,56,2207.13
2023-02-12,10,56,2418.14
2023-02-26,10,56,2117.91
2023-03-12,10,56,2410.64
2023-03-26,10,56,2527.53
2023-04-09,10,56,2503.27
2023-04-23,10,56,2694.7
2023-05-07,10,56,2259.68
2023-05-21,10,56,
2023-06-04,10,56,2530.7
2023-06-18,10,56,2188.15
2023-07-02,10,56,2093.84
2023-07-16,10,56,2630.36
2023-07-30,10,56,2118.44
2023-08-13,10,56,2235.93
2023-08-27,10,56,2209.84
2023-09-10,10,56,1759.09
2023-09-24,10,56,2115.11
2023-10-08,10,56,2103.31
2023-10-22,10,56,2474.28
2023-11-05,10,56,2142.39
2023-11-19,10,56,2319.72
2023-01-01,1,57,5038.2
2023-01-15,1,57,4935.11
2023-01-29,1,57,5122.11
2023-02-12,1,57,4373.76
2023-02-26,1,57,5149.31
2023-03-12,1,57,5038.17
2023-03-26,1,57,4762.38
2023-04-09,1,57,4174.71
2023-04-23,1,57,4637.91
2023-05-07,1,57,4900.73
2023-05-21,1,57,4939.94
2023-06-04,1,57,4565.19
2023-06-18,1,57,4316.68
2023-07-02,1,57,4302.17
2023-07-16,1,57,4662.97
2023-07-30,1,57,3845.16
2023-08-13,1,57,3912.01
2023-08-27,1,57,4304.25
2023-09-10,1,57,4149.85
2023-09-24,1,57,3327.49
2023-10-08,1,57,4554.76
2023-10-22,1,57,3894.7
2023-11-05,1,57,3638.19
2023-11-19,1,57,3611.92
2023-01-01,1,58,1845.27
2023-01-15,1,58,2182.9
2023-01-29,1,58,1963.62
2023-02-12,1,58,2219.42
2023-02-26,1,58,1645.52
2023-03-12,1,58,1909.41
2023-03-26,1,58,1592.08
2023-04-09,1,58,2044.82
2023-04-23,1,58,2396.38
2023-05-07,1,58,2122.78
2023-05-21,1,58,1869.33
2023-06-04,1,58,1677.17
2023-06-18,1,58,2038.91
2023-07-02,1,58,1761.63
2023-07-16,1,58,1756.53
2023-07-30,1,58,1645.31
2023-08-13,1,58,1636.95
2023-08-27,1,58,1536.91
2023-09-10,1,58,1745.03
2023-09-24,1,58,1784.68
2023-10-08,1,58,1578.1
2023-10-22,1,58,2085.73
2023-11-05,1,58,1877.41
2023-11-19,1,58,1427.09
2023-01-01,1,59,2707.55
2023-01-15,1,59,2998.21
2023-01-29,1,59,2941.06
2023-02-12,1,59,2798.79
2023-02-26,1,59,3238.26
2023-03-12,1,59,3074.75
2023-03-26,1,59,2930.46
2023-04-09,1,59,3100.72
2023-04-23,1,59,3234.79
2023-05-07,1,59,3246.74
2023-05-21,1,59,2836.69
2023-06-04,1,59,2947.11
2023-06-18,1,59,3078.69
2023-07-02,1,59,3580.8
2023-07-16,1,59,2574.22
2023-07-30,1,59,2599.15
2023-08-13,1,59,2182.83
2023-08-27,1,59,2481.21
2023-09-10,1,59,2573.33
2023-09-24,1,59,2468.76
2023-10-08,1,59,2254.7
2023-10-22,1,59,2450.1
2023-11-05,1,59,2264.66
2023-11-19,1,59,2947.88
2023-01-01,2,60,3413.5
2023-01-15,2,60,3564.11
2023-01-29,2,60,3388.75
2023-02-12,2,60,3740.64
2023-02-26,2,60,4011.62
2023-03-12,2,60,4078.82
2023-03-26,2,60,3965.82
2023-04-09,2,60,3522.8
2023-04-23,2,60,3647.17
2023-05-07,2,60,3594.79
2023-05-21,2,60,3774.03
2023-06-04,2,60,3744.38
2023-06-18,2,60,3623.96
2023-07-02,2,60,3801.93
2023-07-16,2,60,4020.88
2023-07-30,2,60,3237.9
2023-08-13,2,60,2866.33
2023-08-27,2,60,2917.3
2023-09-10,2,60,3157.2
2023-09-24,2,60,3445.94
2023-10-08,2,60,2816.85
2023-10-22,2,60,3681.17
2023-11-05,2,60,2963.14
2023-11-19,2,60,3544.66
2023-01-01,6,61,3935.56
2023-01-15,6,61,3373.66
2023-01-29,6,61,4399.55
2023-02-12,6,61,3630.43
2023-02-26,6,61,4425.91
2023-03-12,6,61,4434.83
2023-03-26,6,61,4508.9
2023-04-09,6,61,4519.97
2023-04-23,6,61,4153.72
2023-05-07,6,61,3607.69
2023-05-21,6,61,4499.41
2023-06-04,6,61,4180.97
2023-06-18,6,61,3982.4
2023-07-02,6,61,3310.26
2023-07-16,6,61,3512.63
2023-07-30,6,61,3791.28
2023-08-13,6,61,4555.92
2023-08-27,6,61,3092.61
2023-09-10,6,61,
2023-09-24,6,61,3908.09
2023-10-08,6,61,3084.37
2023-10-22,6,61,3936.47
2023-11-05,6,61,2872.12
2023-11-19,6,61,3020.47
2023-01-01,3,62,2290.79
2023-01-15,3,62,2935.52
2023-01-29,3,62,2701.1
2023-02-12,3,62,2135.31
2023-02-26,3,62,2853.08
2023-03-12,3,62,2944.83
2023-03-26,3,62,3224.56
2023-04-09,3,62,2611.19
2023-04-23,3,62,3210.85
2023-05-07,3,62,2694.59
2023-05-21,3,62,2468.57
2023-06-04,3,62,2483.0
2023-06-18,3,62,2687.85
2023-07-02,3,62,2269.08
2023-07-16,3,62,
2023-07-30,3,62,2458.24
2023-08-13,3,62,2710.99
2023-08-27,3,62,2497.2
2023-09-10,3,62,2267.85
2023-09-24,3,62,2381.96
2023-10-08,3,62,2303.32
2023-10-22,3,62,1971.13
2023-11-05,3,62,2722.92
2023-11-19,3,62,2717.29
2023-01-01,8,63,813.89
2023-01-15,8,63,811.28
2023-01-29,8,63,904.33
2023-02-12,8,63,984.68
2023-02-26,8,63,784.84
2023-03-12,8,63,993.77
2023-03-26,8,63,858.54
2023-04-09,8,63,853.18
2023-04-23,8,63,1003.71
2023-05-07,8,63,977.16
2023-05-21,8,63,823.44
2023-06-04,8,63,766.76
2023-06-18,8,63,876.13
2023-07-02,8,63,823.89
2023-07-16,8,63,747.99
2023-07-30,8,63,871.01
2023-08-13,8,63,737.05
2023-08-27,8,63,671.68
2023-09-10,8,63,767.91
2023-09-24,8,63,622.62
2023-10-08,8,63,684.19
2023-10-22,8,63,811.89
2023-11-05,8,63,749.64
2023-11-19,8,63,769.41
2023-01-01,8,64,706.5
2023-01-15,8,64,881.5
2023-01-29,8,64,934.7
2023-02-12,8,64,838.42
2023-02-26,8,64,820.39
2023-03-12,8,64,1022.46
2023-03-26,8,64,794.54
2023-04-09,8,64,924.42
2023-04-23,8,64,850.06
2023-05-07,8,64,741.0
2023-05-21,8,64,1027.99
2023-06-04,8,64,971.55
2023-06-18,8,64,999.16
2023-07-02,8,64,883.5
2023-07-16,8,64,747.45
2023-07-30,8,64,787.65
2023-08-13,8,64,524.02
2023-08-27,8,64,672.1
2023-09-10,8,64,766.77
2023-09-24,8,64,877.65
2023-10-08,8,64,742.88
2023-10-22,8,64,820.95
2023-11-05,8,64,823.51
2023-11-19,8,64,705.12
2023-01-01,6,65,1215.18
2023-01-15,6,65,1705.92
2023-01-29,6,65,1409.52
2023-02-12,6,65,1682.32
2023-02-26,6,65,1729.55
2023-03-12,6,65,1612.38
2023-03-26,6,65,1697.11
2023-04-09,6,65,1754.57
2023-04-23,6,65,1595.35
2023-05-07,6,65,1842.86
2023-05-21,6,65,1696.34
2023-06-04,6,65,1676.02
2023-06-18,6,65,1464.86
2023-07-02,6,65,1429.06
2023-07-16,6,65,1541.76
2023-07-30,6,65,1519.5
2023-08-13,6,65,1409.97
2023-08-27,6,65,1225.81
2023-09-10,6,65,1517.69
2023-09-24,6,65,1377.64
2023-10-08,6,65,1281.32
2023-10-22,6,65,1278.51
2023-11-05,6,65,1652.29
2023-11-19,6,65,1401.14
2023-01-01,2,66,2914.0
2023-01-15,2,66,2927.23
2023-01-29,2,66,3510.84
2023-02-12,2,66,2918.33
2023-02-26,2,66,2699.49
2023-03-12,2,66,3255.59
2023-03-26,2,66,2965.78
2023-04-09,2,66,3174.77
2023-04-23,2,66,2851.21
2023-05-07,2,66,3232.14
2023-05-21,2,66,3028.97
2023-06-04,2,66,2960.45
2023-06-18,2,66,3120.24
2023-07-02,2,66,3242.68
2023-07-16,2,66,3275.82
2023-07-30,2,66,2918.51
2023-08-13,2,66,2677.28
2023-08-27,2,66,2636.46
2023-09-10,2,66,2860.11
2023-09-24,2,66,2299.41
2023-10-08,2,66,2356.75
2023-10-22,2,66,2085.03
2023-11-05,2,66,2916.82
2023-11-19,2,66,3100.53
2023-01-01,2,67,3346.87
2023-01-15,2,67,4205.33
2023-01-29,2,67,3261.49
2023-02-12,2,67,2845.01
2023-02-26,2,67,3294.07
2023-03-12,2,67,2960.85
2023-03-26,2,67,3474.3
2023-04-09,2,67,3344.38
2023-04-23,2,67,3600.62
2023-05-07,2,67,3632.3
2023-05-21,2,67,3047.16
2023-06-04,2,67,3366.74
2023-06-18,2,67,3029.57
2023-07-02,2,67,3594.95
2023-07-16,2,67,3293.95
2023-07-30,2,67,3371.81
2023-08-13,2,67,2855.17
2023-08-27,2,67,2902.55
2023-09-10,2,67,3344.16
2023-09-24,2,67,2924.16
2023-10-08,2,67,2835.83
2023-10-22,2,67,3294.91
2023-11-05,2,67,2811.52
2023-11-19,2,67,2964.94
2023-01-01,3,68,2292.44
2023-01-15,3,68,2038.77
2023-01-29,3,68,1765.81
2023-02-12,3,68,2232.11
2023-02-26,3,68,1929.93
2023-03-12,3,68,2636.47
2023-03-26,3,68,2428.12
2023-04-09,3,68,2263.19
2023-04-23,3,68,2340.15
2023-05-07,3,68,2246.77
2023-05-21,3,68,2322.49
2023-06-04,3,68,2191.35
2023-06-18,3,68,2061.43
2023-07-02,3,68,2056.77
2023-07-16,3,68,2298.37
2023-07-30,3,68,2066.19
2023-08-13,3,68,1709.09
2023-08-27,3,68,1886.75
2023-09-10,3,68,1916.56
2023-09-24,3,68,1805.25
2023-10-08,3,68,1448.03
2023-10-22,3,68,1673.56
2023-11-05,3,68,1787.59
2023-11-19,3,68,2289.54
2023-01-01,1,69,1194.63
2023-01-15,1,69,1183.37
2023-01-29,1,69,1189.91
2023-02-12,1,69,1217.31
2023-02-26,1,69,1080.92
2023-03-12,1,69,1247.9
2023-03-26,1,69,1246.78
2023-04-09,1,69,1325.15
2023-04-23,1,69,1392.2
2023-05-07,1,69,1260.87
2023-05-21,1,69,1134.14
2023-06-04,1,69,1196.86
2023-06-18,1,69,1126.59
2023-07-02,1,69,1165.27
2023-07-16,1,69,920.72
2023-07-30,1,69,1189.91
2023-08-13,1,69,964.91
2023-08-27,1,69,942.48
2023-09-10,1,69,1024.05
2023-09-24,1,69,989.04
2023-10-08,1,69,1055.19
2023-10-22,1,69,1034.75
2023-11-05,1,69,1130.68
2023-11-19,1,69,1030.52
2023-01-01,4,70,2636.39
2023-01-15,4,70,2723.07
2023-01-29,4,70,2383.27
2023-02-12,4,70,2435.91
2023-02-26,4,70,2272.29
2023-03-12,4,70,2512.06
2023-03-26,4,70,2597.2
2023-04-09,4,70,2221.2
2023-04-23,4,70,2662.27
2023-05-07,4,70,2491.54
2023-05-21,4,70,2837.16
2023-06-04,4,70,2804.09
2023-06-18,4,70,2883.07
2023-07-02,4,70,2440.04
2023-07-16,4,70,2230.55
2023-07-30,4,70,2312.77
2023-08-13,4,70,2146.9
2023-08-27,4,70,2439.08
2023-09-10,4,70,2292.7
2023-09-24,4,70,2013.28
2023-10-08,4,70,2283.95
2023-10-22,4,70,1722.64
2023-11-05,4,70,2521.16
2023-11-19,4,70,2039.88
2023-01-01,6,71,2409.8
2023-01-15,6,71,2305.43
2023-01-29,6,71,2557.19
2023-02-12,6,71,2311.33
2023-02-26,6,71,2640.14
2023-03-12,6,71,2951.55
2023-03-26,6,71,2616.65
2023-04-09,6,71,2812.94
2023-04-23,6,71,2876.03
2023-05-07,6,71,2900.53
2023-05-21,6,71,2531.03
2023-06-04,6,71,2359.28
2023-06-18,6,71,2272.0
2023-07-02,6,71,2258.27
2023-07-16,6,71,
2023-07-30,6,71,2020.78
2023-08-13,6,71,2145.09
2023-08-27,6,71,2536.89
2023-09-10,6,71,
2023-09-24,6,71,1747.81
2023-10-08,6,71,2839.31
2023-10-22,6,71,2573.56
2023-11-05,6,71,1930.85
2023-11-19,6,71,2333.33
2023-01-01,1,72,1331.06
2023-01-15,1,72,1407.72
2023-01-29,1,72,1353.74
2023-02-12,1,72,1727.48
2023-02-26,1,72,1748.59
2023-03-12,1,72,1694.18
2023-03-26,1,72,1937.19
2023-04-09,1,72,1623.11
2023-04-23,1,72,1537.22
2023-05-07,1,72,1476.9
2023-05-21,1,72,1470.93
2023-06-04,1,72,1757.22
2023-06-18,1,72,1590.39
2023-07-02,1,72,1438.62
2023-07-16,1,72,1367.62
2023-07-30,1,72,1539.03
2023-08-13,1,72,1208.57
2023-08-27,1,72,1210.43
2023-09-10,1,72,1486.87
2023-09-24,1,72,1400.24
2023-10-08,1,72,1206.47
2023-10-22,1,72,1374.65
2023-11-05,1,72,1249.83
2023-11-19,1,72,1409.43
2023-01-01,10,73,2246.19
2023-01-15,10,73,2567.34
2023-01-29,10,73,2630.96
2023-02-12,10,73,3071.15
2023-02-26,10,73,2616.48
2023-03-12,10,73,3109.88
2023-03-26,10,73,2751.23
2023-04-09,10,73,3274.21
2023-04-23,10,73,2315.53
2023-05-07,10,73,2571.61
2023-05-21,10,73,2803.11
2023-06-04,10,73,3221.78
2023-06-18,10,73,2206.6
2023-07-02,10,73,2489.28
2023-07-16,10,73,2553.69
2023-07-30,10,73,2709.9
2023-08-13,10,73,2203.22
2023-08-27,10,73,2225.88
2023-09-10,10,73,
2023-09-24,10,73,2166.02
2023-10-08,10,73,2212.01
2023-10-22,10,73,2368.16
2023-11-05,10,73,2485.36
2023-11-19,10,73,2019.9
2023-01-01,2,74,644.2
2023-01-15,2,74,808.21
2023-01-29,2,74,
2023-02-12,2,74,607.55
2023-02-26,2,74,685.65
2023-03-12,2,74,902.78
2023-03-26,2,74,843.1
2023-04-09,2,74,683.95
2023-04-23,2,74,780.84
2023-05-07,2,74,825.73
2023-05-21,2,74,631.29
2023-06-04,2,74,808.89
2023-06-18,2,74,749.67
2023-07-02,2,74,650.38
2023-07-16,2,74,727.51
2023-07-30,2,74,690.33
2023-08-13,2,74,681.38
2023-08-27,2,74,
2023-09-10,2,74,574.78
2023-09-24,2,74,582.68
2023-10-08,2,74,616.06
2023-10-22,2,74,640.12
2023-11-05,2,74,691.52
2023-11-19,2,74,792.37
2023-01-01,1,75,4347.31
2023-01-15,1,75,4624.38
2023-01-29,1,75,4818.78
2023-02-12,1,75,
2023-02-26,1,75,4205.73
2023-03-12,1,75,
2023-03-26,1,75,5159.94
2023-04-09,1,75,4719.21
2023-04-23,1,75,4271.11
2023-05-07,1,75,4600.93
2023-05-21,1,75,3857.38
2023-06-04,1,75,5072.95
2023-06-18,1,75,4073.25
2023-07-02,1,75,4116.0
2023-07-16,1,75,4738.77
2023-07-30,1,75,2986.69
2023-08-13,1,75,4500.12
2023-08-27,1,75,4034.69
2023-09-10,1,75,4555.52
2023-09-24,1,75,3419.44
2023-10-08,1,75,3964.56
2023-10-22,1,75,3447.86
2023-11-05,1,75,4360.33
2023-11-19,1,75,4411.39
2023-01-01,6,76,5043.3
2023-01-15,6,76,5017.88
2023-01-29,6,76,5174.21
2023-02-12,6,76,4340.55
2023-02-26,6,76,5529.06
2023-03-12,6,76,4695.74
2023-03-26,6,76,4944.81
2023-04-09,6,76,4991.17
2023-04-23,6,76,5065.66
2023-05-07,6,76,5360.12
2023-05-21,6,76,5322.29
2023-06-04,6,76,5579.38
2023-06-18,6,76,5931.64
2023-07-02,6,76,5513.9
2023-07-16,6,76,4303.98
2023-07-30,6,76,4809.12
2023-08-13,6,76,5146.58
2023-08-27,6,76,4937.61
2023-09-10,6,76,5369.4
2023-09-24,6,76,4591.73
2023-10-08,6,76,4226.09
2023-10-22,6,76,4944.85
2023-11-05,6,76,4668.39
2023-11-19,6,76,4894.04
2023-01-01,9,77,1667.28
2023-01-15,9,77,1511.11
2023-01-29,9,77,1677.39
2023-02-12,9,77,1658.29
2023-02-26,9,77,1427.98
2023-03-12,9,77,1670.31
2023-03-26,9,77,1756.16
2023-04-09,9,77,1946.78
2023-04-23,9,77,2105.19
2023-05-07,9,77,1635.02
2023-05-21,9,77,1763.78
2023-06-04,9,77,1786.44
2023-06-18,9,77,2064.68
2023-07-02,9,77,1539.22
2023-07-16,9,77,1452.96
2023-07-30,9,77,1493.3
2023-08-13,9,77,1383.24
2023-08-27,9,77,1604.54
2023-09-10,9,77,1638.57
2023-09-24,9,77,1508.7
2023-10-08,9,77,1497.44
2023-10-22,9,77,1703.38
2023-11-05,9,77,1461.86
2023-11-19,9,77,1652.13
2023-01-01,4,78,2620.29
2023-01-15,4,78,3433.22
2023-01-29,4,78,3217.51
2023-02-12,4,78,3155.68
2023-02-26,4,78,3081.72
2023-03-12,4,78,3241.56
2023-03-26,4,78,3268.42
2023-04-09,4,78,3059.87
2023-04-23,4,78,2754.96
2023-05-07,4,78,
2023-05-21,4,78,3651.25
2023-06-04,4,78,3831.99
2023-06-18,4,78,2709.43
2023-07-02,4,78,3546.11
2023-07-16,4,78,3126.23
2023-07-30,4,78,2668.42
2023-08-13,4,78,2907.68
2023-08-27,4,78,3148.82
2023-09-10,4,78,2967.46
2023-09-24,4,78,2374.1
2023-10-08,4,78,2922.22
2023-10-22,4,78,
2023-11-05,4,78,3180.2
2023-11-19,4,78,2922.18
2023-01-01,3,79,2894.01
2023-01-15,3,79,3497.14
2023-01-29,3,79,3520.89
2023-02-12,3,79,4065.73
2023-02-26,3,79,3554.03
2023-03-12,3,79,3360.15
2023-03-26,3,79,3486.69
2023-04-09,3,79,3227.89
2023-04-23,3,79,2652.77
2023-05-07,3,79,4266.79
2023-05-21,3,79,3538.88
2023-06-04,3,79,3078.13
2023-06-18,3,79,3953.99
2023-07-02,3,79,3941.61
2023-07-16,3,79,3291.65
2023-07-30,3,79,2716.04
2023-08-13,3,79,2943.23
2023-08-27,3,79,2968.96
2023-09-10,3,79,3022.14
2023-09-24,3,79,2634.49
2023-10-08,3,79,3310.65
2023-10-22,3,79,
2023-11-05,3,79,3425.54
2023-11-19,3,79,3555.7
2023-01-01,8,80,3323.41
2023-01-15,8,80,3546.32
2023-01-29,8,80,3620.97
2023-02-12,8,80,3839.04
2023-02-26,8,80,3282.1
2023-03-12,8,80,3748.71
2023-03-26,8,80,3919.16
2023-04-09,8,80,3316.23
2023-04-23,8,80,3647.19
2023-05-07,8,80,4216.68
2023-05-21,8,80,3504.7
2023-06-04,8,80,3907.21
2023-06-18,8,80,3490.97
2023-07-02,8,80,4040.03
2023-07-16,8,80,3294.89
2023-07-30,8,80,3289.98
2023-08-13,8,80,3531.3
2023-08-27,8,80,2837.49
2023-09-10,8,80,2926.92
2023-09-24,8,80,3811.24
2023-10-08,8,80,2867.77
2023-10-22,8,80,3152.97
2023-11-05,8,80,3330.79
2023-11-19,8,80,3771.54
2023-01-01,9,81,1636.55
2023-01-15,9,81,1306.13
2023-01-29,9,81,1670.49
2023-02-12,9,81,1285.33
2023-02-26,9,81,1926.3
2023-03-12,9,81,1377.28
2023-03-26,9,81,1753.49
2023-04-09,9,81,1490.17
2023-04-23,9,81,1659.58
2023-05-07,9,81,1810.46
2023-05-21,9,81,1493.91
2023-06-04,9,81,1853.9
2023-06-18,9,81,1730.63
2023-07-02,9,81,1224.27
2023-07-16,9,81,1401.66
2023-07-30,9,81,1336.94
2023-08-13,9,81,1350.61
2023-08-27,9,81,1266.88
2023-09-10,9,81,1174.64
2023-09-24,9,81,1285.76
2023-10-08,9,81,1378.08
2023-10-22,9,81,942.28
2023-11-05,9,81,1453.91
2023-11-19,9,81,1368.88
2023-01-01,3,82,2922.79
2023-01-15,3,82,3055.14
2023-01-29,3,82,3576.4
2023-02-12,3,82,3287.19
2023-02-26,3,82,4043.76
2023-03-12,3,82,4104.65
2023-03-26,3,82,3757.98
2023-04-09,3,82,3311.19
2023-04-23,3,82,3472.43
2023-05-07,3,82,3531.44
2023-05-21,3,82,3790.22
2023-06-04,3,82,3300.14
2023-06-18,3,82,3046.07
2023-07-02,3,82,2856.05
2023-07-16,3,82,3518.28
2023-07-30,3,82,3282.07
2023-08-13,3,82,2905.84
2023-08-27,3,82,2880.94
2023-09-10,3,82,2357.96
2023-09-24,3,82,2585.06
2023-10-08,3,82,3584.09
2023-10-22,3,82,2992.98
2023-11-05,3,82,2484.25
2023-11-19,3,82,2583.9
2023-01-01,2,83,1967.09
2023-01-15,2,83,2125.1
2023-01-29,2,83,1876.51
2023-02-12,2,83,2037.76
2023-02-26,2,83,
2023-03-12,2,83,2493.75
2023-03-26,2,83,2271.03
2023-04-09,2,83,2280.21
2023-04-23,2,83,2242.34
2023-05-07,2,83,1959.79
2023-05-21,2,83,2138.7
2023-06-04,2,83,2090.54
2023-06-18,2,83,2060.02
2023-07-02,2,83,1826.66
2023-07-16,2,83,1791.01
2023-07-30,2,83,2059.93
2023-08-13,2,83,1761.36
2023-08-27,2,83,1989.73
2023-09-10,2,83,1644.22
2023-09-24,2,83,1625.92
2023-10-08,2,83,1617.61
2023-10-22,2,83,1772.14
2023-11-05,2,83,2003.42
2023-11-19,2,83,1708.25
2023-01-01,8,84,3752.3
2023-01-15,8,84,3509.98
2023-01-29,8,84,3647.38
2023-02-12,8,84,4430.43
2023-02-26,8,84,3965.1
2023-03-12,8,84,3764.77
2023-03-26,8,84,3935.02
2023-04-09,8,84,4542.85
2023-04-23,8,84,4014.61
2023-05-07,8,84,3973.73
2023-05-21,8,84,3950.24
2023-06-04,8,84,4044.32
2023-06-18,8,84,3759.8
2023-07-02,8,84,3762.61
2023-07-16,8,84,3487.88
2023-07-30,8,84,3448.99
2023-08-13,8,84,3666.35
2023-08-27,8,84,2997.41
2023-09-10,8,84,3225.67
2023-09-24,8,84,3103.4
2023-10-08,8,84,2711.84
2023-10-22,8,84,2773.38
2023-11-05,8,84,3263.56
2023-11-19,8,84,3686.85
2023-01-01,8,85,1690.73
2023-01-15,8,85,2024.47
2023-01-29,8,85,1840.09
2023-02-12,8,85,2240.62
2023-02-26,8,85,2573.96
2023-03-12,8,85,2700.89
2023-03-26,8,85,2791.37
2023-04-09,8,85,2693.85
2023-04-23,8,85,2752.63
2023-05-07,8,85,2027.48
2023-05-21,8,85,2464.59
2023-06-04,8,85,2173.56
2023-06-18,8,85,2464.05
2023-07-02,8,85,2444.02
2023-07-16,8,85,2017.82
2023-07-30,8,85,2353.12
2023-08-13,8,85,2113.53
2023-08-27,8,85,2084.95
2023-09-10,8,85,2247.4
2023-09-24,8,85,1870.89
2023-10-08,8,85,2232.94
2023-10-22,8,85,1885.77
2023-11-05,8,85,2076.25
2023-11-19,8,85,1946.58
2023-01-01,10,86,4769.45
2023-01-15,10,86,5060.86
2023-01-29,10,86,4949.44
2023-02-12,10,86,3921.7
2023-02-26,10,86,4711.42
2023-03-12,10,86,5274.14
2023-03-26,10,86,5397.46
2023-04-09,10,86,4938.38
2023-04-23,10,86,4913.99
2023-05-07,10,86,4315.14
2023-05-21,10,86,4340.16
2023-06-04,10,86,3760.33
2023-06-18,10,86,4668.4
2023-07-02,10,86,5197.22
2023-07-16,10,86,4839.41
2023-07-30,10,86,3705.5
2023-08-13,10,86,3713.7
2023-08-27,10,86,4521.69
2023-09-10,10,86,3990.68
2023-09-24,10,86,3432.47
2023-10-08,10,86,3653.96
2023-10-22,10,86,2798.85
2023-11-05,10,86,
2023-11-19,10,86,4714.22
2023-01-01,7,87,1260.17
2023-01-15,7,87,1290.28
2023-01-29,7,87,1293.35
2023-02-12,7,87,1512.94
2023-02-26,7,87,1517.41
2023-03-12,7,87,1252.84
2023-03-26,7,87,1396.54
2023-04-09,7,87,1593.58
2023-04-23,7,87,1349.88
2023-05-07,7,87,1260.11
2023-05-21,7,87,1434.52
2023-06-04,7,87,1442.88
2023-06-18,7,87,1372.81
2023-07-02,7,87,1432.89
2023-07-16,7,87,1268.41
2023-07-30,7,87,1494.32
2023-08-13,7,87,1468.24
2023-08-27,7,87,1348.25
2023-09-10,7,87,1410.34
2023-09-24,7,87,1059.06
2023-10-08,7,87,1430.76
2023-10-22,7,87,1319.11
2023-11-05,7,87,1195.98
2023-11-19,7,87,1204.97
2023-01-01,8,88,3648.96
2023-01-15,8,88,3270.19
2023-01-29,8,88,2598.42
2023-02-12,8,88,2629.5
2023-02-26,8,88,2987.36
2023-03-12,8,88,3315.03
2023-03-26,8,88,3800.78
2023-04-09,8,88,3525.31
2023-04-23,8,88,2982.92
2023-05-07,8,88,3465.3
2023-05-21,8,88,3244.95
2023-06-04,8,88,3622.17
2023-06-18,8,88,2967.07
2023-07-02,8,88,3037.68
2023-07-16,8,88,2757.79
2023-07-30,8,88,3242.61
2023-08-13,8,88,2638.39
2023-08-27,8,88,3215.56
2023-09-10,8,88,2845.41
2023-09-24,8,88,2772.41
2023-10-08,8,88,2782.49
2023-10-22,8,88,2737.55
2023-11-05,8,88,3494.62
2023-11-19,8,88,2891.18
2023-01-01,5,89,1373.21
2023-01-15,5,89,1503.02
2023-01-29,5,89,1573.67
2023-02-12,5,89,1321.02
2023-02-26,5,89,1243.58
2023-03-12,5,89,1626.32
2023-03-26,5,89,1442.8
2023-04-09,5,89,1711.07
2023-04-23,5,89,1665.02
2023-05-07,5,89,1221.43
2023-05-21,5,89,1730.59
2023-06-04,5,89,1383.61
2023-06-18,5,89,1333.39
2023-07-02,5,89,1697.79
2023-07-16,5,89,1333.45
2023-07-30,5,89,1161.38
2023-08-13,5,89,1182.6
2023-08-27,5,89,1371.48
2023-09-10,5,89,1437.4
2023-09-24,5,89,1357.95
2023-10-08,5,89,1136.68
2023-10-22,5,89,1216.23
2023-11-05,5,89,1100.04
2023-11-19,5,89,1051.94
2023-01-01,4,90,4356.57
2023-01-15,4,90,4121.6
2023-01-29,4,90,3254.72
2023-02-12,4,90,4357.61
2023-02-26,4,90,4471.09
2023-03-12,4,90,3923.9
2023-03-26,4,90,4591.8
2023-04-09,4,90,4117.87
2023-04-23,4,90,4164.64
2023-05-07,4,90,4030.4
2023-05-21,4,90,3567.67
2023-06-04,4,90,3853.69
2023-06-18,4,90,3422.58
2023-07-02,4,90,3969.86
2023-07-16,4,90,3921.21
2023-07-30,4,90,2889.84
2023-08-13,4,90,3746.53
2023-08-27,4,90,3432.75
2023-09-10,4,90,2784.68
2023-09-24,4,90,3474.43
2023-10-08,4,90,3263.18
2023-10-22,4,90,3157.68
2023-11-05,4,90,3031.93
2023-11-19,4,90,3657.56
2023-01-01,4,91,2866.98
2023-01-15,4,91,3383.97
2023-01-29,4,91,2776.36
2023-02-12,4,91,3125.67
2023-02-26,4,91,3197.03
2023-03-12,4,91,3653.82
2023-03-26,4,91,3796.25
2023-04-09,4,91,3438.35
2023-04-23,4,91,3335.97
2023-05-07,4,91,3646.03
2023-05-21,4,91,3374.57
2023-06-04,4,91,3308.92
2023-06-18,4,91,3007.37
2023-07-02,4,91,3172.16
2023-07-16,4,91,2725.01
2023-07-30,4,91,2812.48
2023-08-13,4,91,3381.26
2023-08-27,4,91,2823.41
2023-09-10,4,91,3053.69
2023-09-24,4,91,2644.82
2023-10-08,4,91,3264.5
2023-10-22,4,91,2778.26
2023-11-05,4,91,3326.17
2023-11-19,4,91,2669.31
2023-01-01,2,92,1596.72
2023-01-15,2,92,1708.95
2023-01-29,2,92,1450.04
2023-02-12,2,92,1925.91
2023-02-26,2,92,1689.24
2023-03-12,2,92,1795.14
2023-03-26,2,92,2116.64
2023-04-09,2,92,1982.25
2023-04-23,2,92,1643.79
2023-05-07,2,92,1340.88
2023-05-21,2,92,1877.85
2023-06-04,2,92,1720.24
2023-06-18,2,92,1753.96
2023-07-02,2,92,1808.12
2023-07-16,2,92,1796.04
2023-07-30,2,92,1531.87
2023-08-13,2,92,1551.01
2023-08-27,2,92,1608.05
2023-09-10,2,92,1600.73
2023-09-24,2,92,1546.64
2023-10-08,2,92,1759.83
2023-10-22,2,92,1599.28
2023-11-05,2,92,1668.81
2023-11-19,2,92,1616.57
2023-01-01,2,93,5191.58
2023-01-15,2,93,4289.24
2023-01-29,2,93,4059.11
2023-02-12,2,93,4755.86
2023-02-26,2,93,4795.3
2023-03-12,2,93,4766.38
2023-03-26,2,93,4570.72
2023-04-09,2,93,4038.79
2023-04-23,2,93,4643.89
2023-05-07,2,93,4822.11
2023-05-21,2,93,
2023-06-04,2,93,4926.32
2023-06-18,2,93,3301.63
2023-07-02,2,93,4359.52
2023-07-16,2,93,4096.35
2023-07-30,2,93,3529.08
2023-08-13,2,93,3946.55
2023-08-27,2,93,3562.7
2023-09-10,2,93,4187.49
2023-09-24,2,93,3961.74
2023-10-08,2,93,3546.76
2023-10-22,2,93,3442.4
2023-11-05,2,93,3516.18
2023-11-19,2,93,3282.3
2023-01-01,9,94,4122.08
2023-01-15,9,94,4042.65
2023-01-29,9,94,4145.71
2023-02-12,9,94,5644.63
2023-02-26,9,94,4715.59
2023-03-12,9,94,4686.19
2023-03-26,9,94,4340.5
2023-04-09,9,94,4108.21
2023-04-23,9,94,5566.91
2023-05-07,9,94,5214.53
2023-05-21,9,94,
2023-06-04,9,94,3457.61
2023-06-18,9,94,4390.18
2023-07-02,9,94,4452.57
2023-07-16,9,94,4333.28
2023-07-30,9,94,3007.66
2023-08-13,9,94,4708.55
2023-08-27,9,94,4210.96
2023-09-10,9,94,2959.2
2023-09-24,9,94,3747.35
2023-10-08,9,94,3637.1
2023-10-22,9,94,3985.57
2023-11-05,9,94,3940.15
2023-11-19,9,94,4261.61
2023-01-01,7,95,3974.31
2023-01-15,7,95,5052.48
2023-01-29,7,95,4643.02
2023-02-12,7,95,4907.69
2023-02-26,7,95,5203.89
2023-03-12,7,95,6066.34
2023-03-26,7,95,5581.88
2023-04-09,7,95,5271.11
2023-04-23,7,95,4679.12
2023-05-07,7,95,5241.41
2023-05-21,7,95,4718.82
2023-06-04,7,95,5574.2
2023-06-18,7,95,4937.86
2023-07-02,7,95,4329.18
2023-07-16,7,95,4674.99
2023-07-30,7,95,5100.08
2023-08-13,7,95,4983.04
2023-08-27,7,95,4346.11
2023-09-10,7,95,4746.74
2023-09-24,7,95,4478.21
2023-10-08,7,95,3540.98
2023-10-22,7,95,4237.28
2023-11-05,7,95,3670.41
2023-11-19,7,95,4845.51
2023-01-01,1,96,3024.48
2023-01-15,1,96,3597.33
2023-01-29,1,96,3119.33
2023-02-12,1,96,3299.14
2023-02-26,1,96,3379.9
2023-03-12,1,96,3782.83
2023-03-26,1,96,3205.15
2023-04-09,1,96,3058.38
2023-04-23,1,96,3493.15
2023-05-07,1,96,3537.87
2023-05-21,1,96,3360.05
2023-06-04,1,96,3152.11
2023-06-18,1,96,3348.35
2023-07-02,1,96,3038.79
2023-07-16,1,96,3042.63
2023-07-30,1,96,2949.79
2023-08-13,1,96,3017.65
2023-08-27,1,96,2681.27
2023-09-10,1,96,2905.51
2023-09-24,1,96,2171.74
2023-10-08,1,96,2549.21
2023-10-22,1,96,3036.87
2023-11-05,1,96,2792.6
2023-11-19,1,96,2830.43
2023-01-01,2,97,3326.47
2023-01-15,2,97,3713.08
2023-01-29,2,97,3227.72
2023-02-12,2,97,4225.97
2023-02-26,2,97,4295.35
2023-03-12,2,97,3978.44
2023-03-26,2,97,4063.55
2023-04-09,2,97,4783.68
2023-04-23,2,97,4013.54
2023-05-07,2,97,3612.8
2023-05-21,2,97,3472.19
2023-06-04,2,97,3480.2
2023-06-18,2,97,3429.96
2023-07-02,2,97,3525.3
2023-07-16,2,97,
2023-07-30,2,97,3339.91
2023-08-13,2,97,3738.8
2023-08-27,2,97,3186.35
2023-09-10,2,97,
2023-09-24,2,97,3567.3
2023-10-08,2,97,
2023-10-22,2,97,2298.37
2023-11-05,2,97,3714.98
2023-11-19,2,97,2907.48
2023-01-01,3,98,4371.26
2023-01-15,3,98,5006.78
2023-01-29,3,98,4608.29
2023-02-12,3,98,4654.12
2023-02-26,3,98,4644.04
2023-03-12,3,98,5604.73
2023-03-26,3,98,5191.63
2023-04-09,3,98,5073.52
2023-04-23,3,98,5053.62
2023-05-07,3,98,5587.62
2023-05-21,3,98,4610.62
2023-06-04,3,98,5577.31
2023-06-18,3,98,
2023-07-02,3,98,4541.45
2023-07-16,3,98,4340.73
2023-07-30,3,98,4186.27
2023-08-13,3,98,4074.7
2023-08-27,3,98,4664.61
2023-09-10,3,98,3759.6
2023-09-24,3,98,4171.66
2023-10-08,3,98,4327.81
2023-10-22,3,98,3843.94
2023-11-05,3,98,3714.28
2023-11-19,3,98,
2023-01-01,8,99,2193.86
2023-01-15,8,99,2091.53
2023-01-29,8,99,1966.93
2023-02-12,8,99,2142.49
2023-02-26,8,99,1980.13
2023-03-12,8,99,2077.89
2023-03-26,8,99,2151.17
2023-04-09,8,99,1865.5
2023-04-23,8,99,2269.25
2023-05-07,8,99,2308.78
2023-05-21,8,99,2251.56
2023-06-04,8,99,2229.45
2023-06-18,8,99,2103.48
2023-07-02,8,99,2239.61
2023-07-16,8,99,1847.31
2023-07-30,8,99,1914.16
2023-08-13,8,99,1519.46
2023-08-27,8,99,1727.24
2023-09-10,8,99,2013.52
2023-09-24,8,99,1932.48
2023-10-08,8,99,1328.55
2023-10-22,8,99,2223.86
2023-11-05,8,99,1868.99
2023-11-19,8,99,1904.81
2023-01-01,10,100,3207.16
2023-01-15,10,100,2896.76
2023-01-29,10,100,3840.01
2023-02-12,10,100,3383.23
2023-02-26,10,100,4482.81
2023-03-12,10,100,3695.14
2023-03-26,10,100,3546.06
2023-04-09,10,100,3214.44
2023-04-23,10,100,4150.01
2023-05-07,10,100,3930.54
2023-05-21,10,100,3360.2
2023-06-04,10,100,2988.13
2023-06-18,10,100,3462.62
2023-07-02,10,100,3091.27
2023-07-16,10,100,2670.24
2023-07-30,10,100,3228.74
2023-08-13,10,100,2627.05
2023-08-27,10,100,3162.65
2023-09-10,10,100,3384.75
2023-09-24,10,100,3082.53
2023-10-08,10,100,2740.81
2023-10-22,10,100,2484.6
2023-11-05,10,100,3368.53
2023-11-19,10,100,3253.6
