Store_ID,Missed_Payments_12mo,Missed_Payments_6mo,Missed_Payments_3mo,Initial_Fee_Paid,Initial_Fee_Remaining,Initial_Fee_On_Schedule,Royalty_Paid_Expected,Royalty_Paid_Actual,Marketing_Paid_Expected,Marketing_Paid_Actual,Min_Royalty_Biweekly,Missed_Marketing_Payment_Streak
STORE_0,2,1,1,29850,10000,Yes,19046,750,900,6000,750,2
STORE_1,1,3,0,47701,0,Yes,18998,6000,4148,9000,750,0
STORE_2,3,0,1,54731,30000,Yes,1046,15000,5945,1000,750,1
STORE_3,4,1,0,25153,0,Yes,3159,1000,3128,9000,750,1
STORE_4,1,0,2,30481,0,Yes,2211,1000,2156,500,750,0
STORE_5,1,1,0,53734,0,Yes,3018,6000,1120,9000,750,3
STORE_6,2,1,0,20889,0,No,18128,6000,746,1000,750,0
STORE_7,2,0,2,39445,0,Yes,7304,6000,5712,6000,750,1
STORE_8,1,0,0,26461,10000,Yes,17141,1000,3839,3000,750,3
STORE_9,2,4,0,58934,20000,Yes,19649,1000,7258,6000,750,2
STORE_10,2,1,1,48205,20000,Yes,18551,15000,7586,1000,750,0
STORE_11,0,1,2,43351,20000,No,19450,15000,3510,1000,750,3
STORE_12,2,3,0,36006,20000,Yes,8108,3000,5219,500,750,3
STORE_13,2,2,0,64149,0,Yes,18421,10000,2868,9000,750,3
STORE_14,0,0,0,69112,20000,Yes,18252,3000,2339,9000,750,0
STORE_15,2,2,0,30940,0,Yes,8387,3000,3403,6000,750,2
STORE_16,0,1,0,79010,0,Yes,1410,1000,6705,3000,750,3
STORE_17,0,0,1,31258,0,Yes,9657,3000,4895,3000,750,0
STORE_18,2,1,0,44485,0,Yes,7672,3000,6267,500,750,1
STORE_19,0,0,0,43763,0,Yes,12703,750,4191,1000,750,0
STORE_20,2,0,0,78785,30000,Yes,19663,3000,7970,500,750,0
STORE_21,2,1,1,60048,0,No,4720,10000,4341,9000,750,0
STORE_22,2,2,0,21067,0,Yes,4157,6000,4848,1000,750,3
STORE_23,1,1,0,40607,0,Yes,9796,6000,7121,500,750,0
STORE_24,2,3,0,63883,0,Yes,15297,15000,1892,6000,750,1
STORE_25,0,1,0,29018,0,Yes,5510,750,6560,9000,750,3
STORE_26,2,0,0,68521,0,Yes,19031,6000,4755,3000,750,1
STORE_27,1,1,2,66946,0,Yes,14215,10000,4800,500,750,4
STORE_28,1,1,2,35187,0,Yes,4837,3000,3838,9000,750,0
STORE_29,1,0,0,57375,10000,Yes,8357,1000,5987,9000,750,3
STORE_30,1,1,1,23985,10000,Yes,4769,750,4014,3000,750,3
STORE_31,1,2,2,63052,0,No,1565,10000,1259,3000,750,0
STORE_32,2,0,2,39563,0,Yes,13313,3000,9121,3000,750,2
STORE_33,3,3,0,67322,0,Yes,14042,10000,7293,500,750,2
STORE_34,2,2,0,57306,10000,Yes,16908,6000,2959,3000,750,1
STORE_35,0,0,0,71514,0,Yes,1672,6000,5773,6000,750,0
STORE_36,0,0,1,38608,0,Yes,13679,10000,2218,9000,750,0
STORE_37,1,1,0,59139,10000,Yes,15675,6000,9957,3000,750,4
STORE_38,0,1,0,21726,0,Yes,18398,3000,5923,9000,750,2
STORE_39,2,1,3,46582,0,Yes,11729,3000,1808,1000,750,2
STORE_40,0,0,2,25791,0,Yes,3472,10000,1550,1000,750,0
STORE_41,0,3,0,77225,20000,Yes,6105,3000,5979,3000,750,1
STORE_42,0,2,0,28458,20000,Yes,14051,3000,2749,9000,750,0
STORE_43,1,0,1,76165,10000,Yes,3300,750,3309,1000,750,1
STORE_44,0,3,0,37221,0,Yes,11891,15000,3421,3000,750,2
STORE_45,3,2,1,68506,0,Yes,18807,750,5176,9000,750,4
STORE_46,1,0,0,40968,30000,Yes,12034,6000,4541,3000,750,3
STORE_47,1,1,1,37070,30000,Yes,18800,3000,2917,9000,750,2
STORE_48,1,0,1,47937,0,Yes,2134,3000,1032,1000,750,1
STORE_49,1,2,0,69508,20000,Yes,9002,6000,9590,3000,750,0
STORE_50,3,1,1,61831,0,Yes,7988,750,8667,1000,750,2
STORE_51,2,0,0,62933,0,Yes,6776,6000,1969,3000,750,4
STORE_52,2,1,1,67307,10000,Yes,11232,10000,9944,500,750,1
STORE_53,1,0,2,68340,0,Yes,14551,10000,7792,1000,750,0
STORE_54,0,0,0,57415,20000,Yes,16870,1000,9461,1000,750,3
STORE_55,3,0,1,62770,0,Yes,16330,10000,9525,6000,750,1
STORE_56,4,1,0,40802,0,Yes,9414,6000,7642,1000,750,0
STORE_57,2,1,0,63601,20000,Yes,18092,10000,6500,9000,750,3
STORE_58,4,1,0,30420,20000,Yes,1243,3000,7581,3000,750,0
STORE_59,1,1,0,26642,0,No,17215,3000,5149,500,750,3
STORE_60,0,0,1,39775,0,Yes,7749,15000,7431,9000,750,3
STORE_61,0,1,0,48754,10000,Yes,14583,10000,3924,9000,750,3
STORE_62,1,1,2,63310,0,Yes,3720,3000,1591,9000,750,0
STORE_63,2,1,0,24357,30000,Yes,761,1000,9888,9000,750,3
STORE_64,2,1,1,41263,20000,Yes,16301,3000,8349,500,750,1
STORE_65,1,0,2,74471,0,Yes,17895,3000,5154,6000,750,4
STORE_66,2,2,0,68367,0,Yes,3935,1000,760,1000,750,4
STORE_67,0,0,1,33201,0,Yes,17159,1000,6436,9000,750,3
STORE_68,3,0,1,22739,20000,Yes,2556,10000,9877,1000,750,4
STORE_69,0,0,0,33231,0,Yes,6414,750,4870,1000,750,4
STORE_70,4,0,0,62278,0,Yes,14876,6000,4801,9000,750,3
STORE_71,2,1,0,62495,0,Yes,13644,1000,7707,6000,750,3
STORE_72,2,0,0,41168,0,Yes,5904,1000,6319,1000,750,1
STORE_73,3,1,0,52624,0,Yes,14517,750,9558,3000,750,2
STORE_74,1,0,0,30635,0,Yes,15976,1000,592,1000,750,0
STORE_75,1,0,1,29964,20000,Yes,2275,10000,5661,9000,750,3
STORE_76,3,1,1,47785,20000,Yes,1510,10000,8132,500,750,3
STORE_77,2,1,1,49510,10000,Yes,17728,1000,6708,1000,750,4
STORE_78,1,1,1,37261,0,No,14630,3000,9056,6000,750,1
STORE_79,1,2,0,39254,0,No,1805,3000,5416,3000,750,4
STORE_80,2,0,0,31392,10000,Yes,10796,10000,4218,3000,750,3
STORE_81,0,0,0,32336,0,Yes,3833,10000,6625,500,750,3
STORE_82,3,0,1,31939,20000,Yes,16428,3000,2424,500,750,4
STORE_83,2,0,2,47412,10000,Yes,12858,6000,3595,1000,750,3
STORE_84,2,0,1,36676,0,Yes,10400,10000,7183,9000,750,2
STORE_85,0,1,0,29843,20000,Yes,6707,750,5681,6000,750,0
STORE_86,0,1,0,65591,30000,No,6005,3000,3038,3000,750,0
STORE_87,0,1,2,45112,0,Yes,10161,15000,9988,500,750,0
STORE_88,2,1,0,50598,0,Yes,17094,6000,2776,6000,750,2
STORE_89,1,3,1,55454,0,Yes,10441,3000,8694,9000,750,3
STORE_90,2,0,1,53001,0,Yes,18964,3000,1410,3000,750,4
STORE_91,0,0,0,47228,0,Yes,4145,1000,806,3000,750,1
STORE_92,3,1,1,34429,0,Yes,1953,3000,7075,9000,750,3
STORE_93,1,1,2,38758,30000,Yes,19944,6000,4731,3000,750,2
STORE_94,3,0,0,22272,0,Yes,3794,3000,6528,9000,750,2
STORE_95,3,0,2,37350,0,Yes,8022,6000,7158,3000,750,0
STORE_96,1,0,1,70041,10000,No,4264,10000,6836,1000,750,3
STORE_97,4,2,0,73015,0,Yes,10740,1000,1372,9000,750,0
STORE_98,2,3,1,42538,20000,Yes,6942,3000,1641,6000,750,1
STORE_99,2,1,1,23400,0,Yes,11517,3000,1165,1000,750,0
STORE_100,2,0,1,35371,0,Yes,17278,6000,8900,6000,750,1
STORE_101,1,1,0,77378,0,Yes,8257,1000,1451,3000,750,2
STORE_102,1,0,1,57310,10000,No,5607,6000,9749,6000,750,0
STORE_103,0,0,0,56291,0,Yes,12868,10000,5222,1000,750,0
STORE_104,2,0,0,38147,10000,Yes,18511,3000,4508,9000,750,4
STORE_105,0,1,0,23291,0,Yes,3896,15000,7155,500,750,2
STORE_106,2,0,1,55256,0,Yes,17927,15000,6690,6000,750,4
STORE_107,2,1,0,30892,0,Yes,6506,750,1271,500,750,1
STORE_108,1,1,0,54326,20000,Yes,5164,1000,4530,6000,750,1
STORE_109,2,1,0,57458,20000,Yes,18244,15000,8359,6000,750,2
STORE_110,2,3,0,58889,0,Yes,4687,15000,1021,9000,750,1
STORE_111,2,1,0,71428,0,No,4713,750,3855,3000,750,2
STORE_112,3,1,0,64966,0,Yes,6647,750,1900,1000,750,1
STORE_113,1,0,2,57207,0,Yes,9724,1000,4223,1000,750,3
STORE_114,3,0,0,70255,0,Yes,15127,15000,7079,1000,750,0
STORE_115,2,0,0,60288,20000,Yes,18250,1000,3747,3000,750,3
STORE_116,0,0,0,45995,20000,Yes,16806,3000,2358,500,750,2
STORE_117,2,2,0,25409,0,Yes,2500,10000,5281,1000,750,2
STORE_118,2,1,0,62438,0,No,4777,750,4564,500,750,3
STORE_119,2,0,0,64874,20000,Yes,12278,6000,2898,3000,750,0
STORE_120,0,0,0,64702,20000,Yes,6495,1000,642,3000,750,0
STORE_121,0,0,0,49823,0,No,10429,10000,5562,9000,750,4
STORE_122,1,1,0,27869,0,Yes,6688,1000,3969,1000,750,1
STORE_123,0,0,0,55724,0,Yes,12900,6000,4195,9000,750,4
STORE_124,2,3,0,76862,0,Yes,14156,6000,1217,1000,750,0
STORE_125,4,1,0,42401,0,Yes,18493,1000,1142,3000,750,3
STORE_126,3,1,0,45958,0,Yes,5603,750,3048,3000,750,1
STORE_127,3,2,0,30766,10000,Yes,19075,3000,9061,6000,750,3
STORE_128,1,2,0,39768,0,Yes,3898,1000,4150,6000,750,4
STORE_129,2,1,0,50794,0,No,16993,10000,8049,3000,750,2
STORE_130,3,1,0,46145,0,Yes,8683,10000,9478,3000,750,3
STORE_131,1,3,0,30086,20000,Yes,10186,3000,1449,500,750,4
STORE_132,2,0,0,63203,20000,Yes,18419,6000,5944,500,750,4
STORE_133,2,1,1,46442,0,No,7224,6000,1021,9000,750,4
STORE_134,3,1,0,36412,0,Yes,15429,10000,7132,6000,750,2
STORE_135,1,0,1,78049,30000,No,11978,3000,6548,6000,750,2
STORE_136,1,1,0,45596,0,Yes,1520,1000,854,3000,750,2
STORE_137,2,0,2,30255,0,Yes,2593,1000,1982,3000,750,1
STORE_138,1,0,0,62406,0,Yes,823,3000,7494,9000,750,2
STORE_139,4,0,0,60524,0,Yes,18794,3000,2715,6000,750,2
STORE_140,1,0,0,43332,0,Yes,16809,3000,5216,500,750,2
STORE_141,3,0,0,64624,20000,Yes,8750,750,9119,1000,750,3
STORE_142,2,1,0,35764,10000,Yes,14023,6000,6321,9000,750,2
STORE_143,0,1,0,47563,0,Yes,16871,1000,3037,1000,750,1
STORE_144,1,2,2,42139,20000,Yes,1081,1000,6839,500,750,4
STORE_145,1,4,1,56370,0,Yes,18555,3000,9236,500,750,3
STORE_146,2,2,1,25062,0,Yes,8262,1000,5419,1000,750,0
STORE_147,4,0,0,64645,0,Yes,5681,6000,7575,9000,750,2
STORE_148,2,2,0,77223,10000,Yes,13492,3000,4265,1000,750,4
STORE_149,1,0,0,27244,0,Yes,14176,3000,9350,9000,750,4
STORE_150,1,0,0,26372,0,Yes,5863,3000,7582,9000,750,3
STORE_151,4,2,1,59873,10000,Yes,9169,1000,3327,3000,750,0
STORE_152,2,1,0,39965,10000,Yes,3631,1000,2558,6000,750,1
STORE_153,5,0,0,71914,10000,Yes,13895,10000,8249,6000,750,4
STORE_154,3,3,0,64997,0,Yes,14306,3000,1230,500,750,4
STORE_155,0,2,4,36956,0,Yes,19999,3000,2332,3000,750,4
STORE_156,5,2,0,60473,0,Yes,3325,750,9100,6000,750,4
STORE_157,1,0,0,33894,0,Yes,13464,3000,7005,9000,750,3
STORE_158,0,0,1,65048,20000,Yes,6935,6000,7670,9000,750,0
STORE_159,1,1,0,53382,0,Yes,9406,6000,4679,1000,750,4
STORE_160,2,0,1,24050,0,Yes,6491,6000,6799,1000,750,1
STORE_161,1,0,0,36709,10000,Yes,17411,1000,8330,9000,750,1
STORE_162,2,0,1,35722,0,Yes,815,1000,5302,9000,750,2
STORE_163,1,1,0,72892,0,Yes,5012,10000,6557,1000,750,4
STORE_164,0,3,1,35210,20000,Yes,6454,15000,7115,6000,750,4
STORE_165,1,4,1,69510,20000,Yes,16105,750,7262,500,750,4
STORE_166,4,0,0,56545,10000,Yes,9344,3000,6043,1000,750,4
STORE_167,2,0,1,58674,0,No,12925,1000,8825,6000,750,4
STORE_168,1,1,0,79715,0,Yes,13446,750,5383,6000,750,1
STORE_169,1,0,1,54489,10000,Yes,7005,1000,7550,6000,750,0
STORE_170,3,1,0,37733,0,Yes,8191,750,5459,3000,750,0
STORE_171,1,0,0,40080,0,Yes,15736,6000,1166,3000,750,2
STORE_172,2,1,0,56664,20000,Yes,14100,3000,776,6000,750,1
STORE_173,3,1,0,73412,0,Yes,15190,750,1381,9000,750,4
STORE_174,0,2,0,78940,10000,No,8710,750,2560,3000,750,0
STORE_175,0,1,2,78971,0,Yes,18571,10000,2582,1000,750,3
STORE_176,0,4,0,59709,0,Yes,14415,1000,7202,3000,750,3
STORE_177,2,0,0,79846,0,Yes,7379,6000,9929,9000,750,3
STORE_178,1,0,0,66232,20000,Yes,14578,1000,658,500,750,4
STORE_179,2,3,1,72960,0,Yes,5291,6000,5729,3000,750,4
STORE_180,0,1,1,58014,0,Yes,8626,1000,8456,6000,750,2
STORE_181,2,0,0,61152,10000,Yes,14061,750,8014,6000,750,2
STORE_182,1,1,0,47250,10000,Yes,15338,1000,8303,6000,750,2
STORE_183,0,2,0,40229,30000,Yes,17398,1000,3026,500,750,3
STORE_184,1,1,1,71729,0,Yes,13130,3000,8802,9000,750,4
STORE_185,3,0,0,68137,0,Yes,10627,6000,8303,1000,750,3
STORE_186,2,4,1,36475,30000,Yes,18568,1000,7074,9000,750,2
STORE_187,2,0,0,73386,10000,Yes,5847,750,9233,500,750,4
STORE_188,0,1,0,77824,0,Yes,18794,3000,1638,6000,750,1
STORE_189,5,0,0,75744,0,No,19488,6000,7757,9000,750,0
STORE_190,1,0,0,66412,20000,No,7211,15000,3783,1000,750,0
STORE_191,1,2,1,63876,0,Yes,7794,6000,8262,6000,750,2
STORE_192,3,2,0,49011,10000,Yes,6247,3000,8396,1000,750,3
STORE_193,2,0,0,28128,0,Yes,14501,6000,2919,3000,750,1
STORE_194,2,1,2,70227,0,Yes,10054,15000,2256,1000,750,4
STORE_195,1,1,0,52450,10000,Yes,11176,10000,2806,6000,750,3
STORE_196,1,1,1,38897,0,Yes,11808,1000,8130,3000,750,2
STORE_197,5,4,1,28168,0,Yes,12010,1000,6763,6000,750,3
STORE_198,1,0,1,26861,0,Yes,19313,1000,9667,6000,750,2
STORE_199,0,1,0,61758,0,Yes,1384,3000,5508,3000,750,0
STORE_200,1,1,0,33750,10000,Yes,10807,6000,5747,1000,750,0
STORE_201,3,1,0,36988,20000,Yes,14095,3000,9414,500,750,3
STORE_202,3,2,1,22979,10000,No,10897,750,3070,500,750,1
STORE_203,2,1,1,43524,0,Yes,19352,6000,6307,500,750,4
STORE_204,1,2,1,27065,0,Yes,2139,10000,8312,500,750,2
STORE_205,8,1,0,57684,0,Yes,13821,1000,824,9000,750,4
STORE_206,0,0,0,43184,20000,Yes,12072,6000,7987,500,750,0
STORE_207,2,1,2,53365,20000,Yes,5026,3000,6145,3000,750,1
STORE_208,4,2,0,78876,20000,Yes,13056,10000,2445,500,750,1
STORE_209,0,1,0,43704,0,Yes,1999,10000,4986,6000,750,4
STORE_210,0,1,0,77857,0,Yes,18379,3000,2930,500,750,0
STORE_211,1,0,1,25622,0,Yes,8995,6000,4010,1000,750,4
STORE_212,0,0,0,38261,0,Yes,11852,10000,1345,3000,750,3
STORE_213,2,2,1,64932,0,Yes,16976,3000,1067,3000,750,1
STORE_214,0,2,1,48419,20000,Yes,11338,1000,2679,9000,750,1
STORE_215,1,0,0,54467,0,Yes,1192,10000,2519,6000,750,3
STORE_216,2,2,0,45605,0,Yes,7726,1000,3819,3000,750,0
STORE_217,1,4,0,49171,0,No,5425,3000,2820,1000,750,1
STORE_218,3,0,0,42164,20000,Yes,12553,10000,2146,500,750,2
STORE_219,3,0,0,69868,0,No,8703,6000,4409,3000,750,2
STORE_220,2,1,0,66197,10000,Yes,5127,3000,8515,1000,750,0
STORE_221,1,1,1,33796,20000,Yes,11349,1000,3920,500,750,3
STORE_222,2,0,0,56854,0,No,7808,3000,856,9000,750,4
STORE_223,4,1,0,51320,10000,Yes,17956,1000,7985,3000,750,0
STORE_224,1,0,1,20665,0,Yes,12644,1000,3581,3000,750,4
STORE_225,2,1,2,52694,0,Yes,3689,6000,2780,1000,750,0
STORE_226,2,0,0,44230,20000,Yes,1781,1000,4631,6000,750,2
STORE_227,3,0,0,42995,10000,No,10958,3000,5623,9000,750,3
STORE_228,0,2,0,46784,0,Yes,1312,3000,7922,6000,750,2
STORE_229,0,3,2,34605,0,Yes,11480,15000,3287,3000,750,3
STORE_230,3,3,0,37463,0,Yes,17474,3000,4709,6000,750,4
STORE_231,1,2,1,28419,0,Yes,16902,750,7040,500,750,0
STORE_232,0,2,0,67952,0,Yes,14748,750,9889,9000,750,1
STORE_233,1,1,0,77492,0,Yes,19430,6000,9970,6000,750,1
STORE_234,5,0,0,53837,0,Yes,17368,6000,965,500,750,3
STORE_235,2,1,1,25263,20000,Yes,10058,3000,1987,1000,750,3
STORE_236,1,0,0,68877,0,No,10359,3000,5442,6000,750,2
STORE_237,2,0,1,60719,0,Yes,18425,750,5097,9000,750,1
STORE_238,1,1,1,65687,0,Yes,9470,3000,5036,500,750,2
STORE_239,1,0,0,54131,20000,Yes,10922,3000,825,6000,750,4
STORE_240,2,4,1,57276,0,Yes,15207,750,4662,1000,750,1
STORE_241,3,1,0,54523,0,Yes,3689,750,803,6000,750,4
STORE_242,1,2,0,20519,0,No,15095,750,5567,500,750,0
STORE_243,0,1,0,74615,10000,Yes,16908,750,5524,6000,750,2
STORE_244,0,2,0,51106,0,No,6185,6000,8215,9000,750,3
STORE_245,4,1,3,64504,20000,Yes,6142,1000,8840,3000,750,1
STORE_246,0,4,0,30514,30000,Yes,8722,1000,3131,500,750,2
STORE_247,1,2,0,67456,10000,Yes,18367,1000,6891,500,750,3
STORE_248,3,2,1,27233,10000,Yes,19934,15000,8787,500,750,0
STORE_249,2,1,1,21102,0,Yes,15549,10000,2869,500,750,1
STORE_250,0,2,0,20597,0,No,19909,1000,1028,6000,750,4
STORE_251,1,2,0,66715,30000,Yes,15802,1000,5175,9000,750,0
STORE_252,1,2,2,39657,0,No,6794,1000,2163,1000,750,3
STORE_253,3,0,0,65009,0,Yes,15165,3000,3864,9000,750,1
STORE_254,0,1,1,58549,10000,Yes,18024,750,2841,500,750,1
STORE_255,0,1,0,63565,0,Yes,14608,6000,7156,6000,750,0
STORE_256,0,1,0,26256,0,Yes,18322,3000,5405,6000,750,1
STORE_257,0,1,0,76410,0,No,6394,10000,9384,500,750,3
STORE_258,1,2,0,63148,0,Yes,17874,1000,9643,6000,750,0
STORE_259,0,0,0,49401,20000,Yes,18503,10000,6450,500,750,4
STORE_260,2,0,0,61548,0,Yes,19134,10000,1860,9000,750,0
STORE_261,2,0,0,26554,0,Yes,18605,750,5627,3000,750,0
STORE_262,2,1,3,32664,0,Yes,18670,3000,6062,6000,750,4
STORE_263,2,1,0,62367,10000,Yes,17452,1000,9230,500,750,3
STORE_264,3,1,0,68279,10000,Yes,5903,1000,9511,500,750,2
STORE_265,2,0,1,44386,0,Yes,2644,1000,6277,6000,750,2
STORE_266,1,1,0,24846,10000,Yes,8741,6000,4425,1000,750,4
STORE_267,0,0,1,46205,0,Yes,16189,3000,8963,500,750,3
STORE_268,3,1,0,45570,20000,Yes,10217,15000,8501,6000,750,1
STORE_269,1,1,2,50255,0,Yes,6685,750,1528,500,750,4
STORE_270,1,1,2,41182,10000,Yes,17857,15000,6518,1000,750,2
STORE_271,1,0,0,59373,0,Yes,3079,1000,1742,3000,750,3
STORE_272,2,2,0,63019,0,Yes,10077,10000,9833,1000,750,0
STORE_273,0,1,1,36043,0,Yes,3520,1000,9284,9000,750,3
STORE_274,0,1,1,65532,20000,Yes,5596,750,7619,6000,750,3
STORE_275,3,0,0,55754,0,Yes,17401,10000,4710,1000,750,2
STORE_276,2,1,1,20400,20000,Yes,17026,1000,6906,3000,750,2
STORE_277,3,1,0,39239,0,Yes,15383,6000,3877,500,750,1
STORE_278,1,0,0,30416,0,Yes,14378,6000,4571,6000,750,1
STORE_279,2,1,0,23412,0,Yes,1319,3000,1940,1000,750,4
STORE_280,5,1,1,36440,20000,Yes,2723,3000,4126,3000,750,0
STORE_281,5,1,0,44406,0,Yes,3572,6000,684,1000,750,1
STORE_282,0,0,0,21875,20000,Yes,1020,750,5496,9000,750,2
STORE_283,1,2,1,73695,20000,Yes,17070,6000,8912,6000,750,3
STORE_284,2,2,0,57066,20000,Yes,8391,10000,8531,500,750,4
STORE_285,3,1,1,56536,0,Yes,9680,750,6063,3000,750,1
STORE_286,2,5,1,25752,10000,Yes,7430,750,3688,1000,750,3
STORE_287,3,0,0,41217,10000,Yes,2007,6000,9785,6000,750,3
STORE_288,1,1,0,32489,0,Yes,9000,3000,3445,1000,750,1
STORE_289,1,1,1,21353,10000,Yes,6120,3000,7265,6000,750,0
STORE_290,1,0,0,46986,0,Yes,5608,750,2974,9000,750,0
STORE_291,3,0,1,41371,0,Yes,9331,3000,7287,1000,750,4
STORE_292,1,1,0,59365,0,No,14241,750,9292,9000,750,0
STORE_293,1,1,0,34691,0,Yes,13186,3000,9852,3000,750,4
STORE_294,1,1,1,24311,0,Yes,13620,10000,5099,9000,750,2
STORE_295,0,0,0,68075,0,Yes,17254,1000,6774,6000,750,1
STORE_296,1,0,0,30794,10000,No,7658,3000,4813,3000,750,3
STORE_297,6,1,0,22934,0,Yes,11594,15000,2718,1000,750,4
STORE_298,4,0,3,36406,0,Yes,19437,6000,1652,1000,750,0
STORE_299,3,1,1,30394,0,Yes,5611,10000,556,6000,750,4
STORE_300,3,1,1,70361,0,Yes,3661,3000,9896,500,750,4
STORE_301,1,2,0,46872,10000,No,9741,10000,643,500,750,0
STORE_302,3,2,1,61708,0,Yes,12322,750,7718,1000,750,0
STORE_303,1,2,1,69956,10000,Yes,11048,750,9059,6000,750,1
STORE_304,5,1,1,61093,0,No,7986,1000,6861,500,750,3
STORE_305,1,0,1,40800,10000,Yes,6315,3000,1115,9000,750,1
STORE_306,2,0,0,63397,0,Yes,18243,10000,8562,1000,750,1
STORE_307,3,0,0,77777,0,Yes,7679,1000,6477,9000,750,0
STORE_308,0,1,0,57909,10000,Yes,18384,6000,7484,6000,750,0
STORE_309,2,3,0,41352,0,Yes,18783,6000,9390,9000,750,3
STORE_310,4,2,1,56439,10000,Yes,8101,6000,5471,500,750,4
STORE_311,2,0,0,48312,10000,Yes,15651,3000,6281,500,750,1
STORE_312,0,2,2,60060,0,Yes,11388,6000,1444,3000,750,3
STORE_313,1,0,1,35438,0,Yes,6578,1000,9614,1000,750,1
STORE_314,1,0,0,43385,0,Yes,12306,750,7578,6000,750,4
STORE_315,1,2,0,64999,20000,No,18849,15000,2246,1000,750,1
STORE_316,3,0,0,38482,10000,Yes,8900,750,6283,9000,750,2
STORE_317,1,1,3,52471,0,Yes,10857,750,7407,6000,750,3
STORE_318,2,0,0,67279,0,No,2507,10000,9775,6000,750,0
STORE_319,2,1,0,63877,0,Yes,18943,1000,9125,500,750,1
STORE_320,2,0,0,61212,20000,Yes,11949,6000,3426,9000,750,3
STORE_321,2,1,1,74213,0,Yes,17045,1000,1589,500,750,3
STORE_322,0,3,2,68373,0,Yes,13557,3000,3457,500,750,1
STORE_323,2,0,0,33026,20000,Yes,18285,1000,3112,3000,750,0
STORE_324,5,0,0,62089,0,No,6242,1000,6547,500,750,0
STORE_325,0,2,2,39648,0,Yes,7052,3000,6749,1000,750,1
STORE_326,1,3,0,25435,30000,Yes,16679,6000,4259,6000,750,3
STORE_327,1,0,0,28493,10000,Yes,5497,3000,8218,500,750,0
STORE_328,2,1,0,26691,0,Yes,14988,15000,4763,1000,750,1
STORE_329,0,0,0,79321,0,Yes,9152,750,2402,9000,750,1
STORE_330,0,2,0,22763,0,Yes,11436,3000,3067,6000,750,1
STORE_331,2,2,0,40389,0,Yes,5431,6000,8575,9000,750,3
STORE_332,0,0,1,51498,20000,Yes,19641,15000,3494,1000,750,0
STORE_333,1,0,0,56009,0,Yes,4178,750,5729,9000,750,3
STORE_334,4,3,0,55825,10000,Yes,8244,6000,2510,9000,750,2
STORE_335,2,0,0,36934,20000,Yes,4705,10000,7877,9000,750,0
STORE_336,2,0,0,25574,0,Yes,14776,1000,1330,500,750,3
STORE_337,0,1,0,58179,0,Yes,9994,10000,548,500,750,0
STORE_338,3,0,0,21587,0,Yes,1463,750,4710,500,750,2
STORE_339,2,1,0,62782,20000,No,11830,6000,1678,6000,750,4
STORE_340,1,0,1,58688,20000,Yes,9271,15000,6268,1000,750,1
STORE_341,2,1,1,74412,0,No,2496,6000,8378,500,750,3
STORE_342,3,0,0,31688,10000,Yes,18341,3000,570,9000,750,2
STORE_343,1,2,0,24409,0,No,17918,750,8186,9000,750,2
STORE_344,0,1,0,25783,20000,Yes,3446,15000,8379,9000,750,0
STORE_345,0,2,3,53480,0,No,12762,3000,5955,9000,750,0
STORE_346,1,1,0,46751,0,Yes,15438,750,8758,3000,750,1
STORE_347,3,0,0,58174,20000,Yes,5786,6000,6112,6000,750,0
STORE_348,2,1,0,77142,0,No,7877,3000,6269,1000,750,3
STORE_349,1,0,2,76572,0,Yes,4468,750,2277,1000,750,3
STORE_350,0,3,1,32041,0,Yes,8660,1000,7880,500,750,3
STORE_351,0,1,0,43227,0,Yes,3443,750,2728,3000,750,4
STORE_352,1,0,0,55201,0,No,17759,6000,9304,1000,750,3
STORE_353,1,1,1,56069,20000,Yes,16608,6000,9388,6000,750,0
STORE_354,5,0,0,36654,0,Yes,16682,3000,7246,9000,750,0
STORE_355,4,1,0,46370,0,Yes,8442,10000,6891,500,750,3
STORE_356,2,0,0,49482,10000,Yes,7148,10000,9929,6000,750,2
STORE_357,1,0,1,79806,0,Yes,8002,6000,2906,1000,750,2
STORE_358,0,1,0,31586,0,Yes,12471,750,8940,3000,750,2
STORE_359,0,2,0,70231,10000,Yes,18689,6000,1137,500,750,1
STORE_360,0,1,0,25322,20000,No,12575,3000,8590,1000,750,4
STORE_361,1,0,0,33932,10000,Yes,4937,6000,1449,500,750,3
STORE_362,2,1,1,49299,10000,Yes,786,6000,4087,1000,750,1
STORE_363,3,2,1,45179,0,Yes,18921,3000,1611,9000,750,2
STORE_364,2,1,0,25257,20000,Yes,7033,15000,8867,3000,750,3
STORE_365,0,1,0,66501,0,Yes,15952,750,1222,9000,750,1
STORE_366,1,2,3,77134,10000,Yes,8810,6000,4342,1000,750,0
STORE_367,3,0,0,66136,0,Yes,8815,750,4174,6000,750,2
STORE_368,0,1,1,29777,20000,Yes,4630,15000,5366,9000,750,1
STORE_369,0,1,0,31249,10000,Yes,6682,750,1202,6000,750,0
STORE_370,3,1,1,75366,10000,Yes,9078,750,2628,1000,750,2
STORE_371,0,2,0,41390,0,Yes,7083,1000,9618,3000,750,4
STORE_372,0,2,0,40369,0,Yes,14620,3000,4733,6000,750,2
STORE_373,1,1,0,32881,10000,Yes,12018,1000,3017,1000,750,4
STORE_374,3,0,0,29587,10000,Yes,5817,6000,1649,6000,750,4
STORE_375,1,2,0,48264,0,Yes,16366,3000,2378,9000,750,4
STORE_376,1,0,0,28791,30000,Yes,12825,750,9945,1000,750,3
STORE_377,2,0,0,61473,20000,Yes,17795,1000,809,9000,750,3
STORE_378,1,0,0,42375,0,Yes,8723,10000,4452,500,750,4
STORE_379,1,0,1,42611,20000,Yes,10752,6000,8228,1000,750,0
STORE_380,2,0,0,62026,0,Yes,8637,6000,3549,6000,750,4
STORE_381,2,1,0,27833,0,No,1164,6000,6266,500,750,1
STORE_382,1,0,1,72038,0,No,7600,1000,6912,9000,750,4
STORE_383,4,1,0,67013,0,Yes,3479,750,5365,9000,750,3
STORE_384,1,0,0,71805,10000,Yes,12679,1000,515,6000,750,3
STORE_385,0,0,1,35754,0,Yes,15738,10000,1105,500,750,1
STORE_386,1,0,0,62048,10000,Yes,4647,15000,5408,3000,750,1
STORE_387,0,1,0,32577,10000,Yes,2919,3000,8506,6000,750,2
STORE_388,1,3,0,51095,10000,Yes,14313,750,9586,9000,750,0
STORE_389,0,2,2,41248,0,Yes,19012,750,6912,1000,750,0
STORE_390,2,1,1,55282,20000,Yes,13638,1000,9105,500,750,0
STORE_391,2,0,0,56737,0,Yes,5320,6000,4620,3000,750,3
STORE_392,2,0,1,72436,0,Yes,2265,750,9007,1000,750,0
STORE_393,1,2,1,51891,0,Yes,17708,15000,5166,500,750,2
STORE_394,1,1,0,44124,0,Yes,13384,3000,5320,6000,750,2
STORE_395,0,1,1,24566,20000,Yes,14548,15000,8335,6000,750,0
STORE_396,1,0,1,22196,0,Yes,5227,10000,2349,500,750,1
STORE_397,2,2,1,51115,10000,Yes,17205,10000,2453,3000,750,2
STORE_398,2,1,0,69941,0,Yes,10301,6000,9080,500,750,1
STORE_399,2,1,2,39859,0,Yes,14929,6000,3269,1000,750,3
STORE_400,2,1,1,31345,30000,Yes,789,6000,3546,1000,750,2
STORE_401,1,3,0,79008,10000,Yes,10972,6000,8094,6000,750,1
STORE_402,2,0,0,54077,0,No,16866,6000,7340,500,750,0
STORE_403,4,2,1,20864,0,Yes,19034,15000,5566,6000,750,3
STORE_404,1,1,1,32055,0,Yes,19351,6000,2915,3000,750,4
STORE_405,0,3,1,58157,0,Yes,16799,10000,2889,1000,750,4
STORE_406,3,0,1,39747,10000,No,5546,10000,6424,9000,750,0
STORE_407,2,1,2,64484,10000,Yes,5356,1000,8995,9000,750,3
STORE_408,2,0,0,31978,0,No,18417,750,1263,500,750,3
STORE_409,1,1,1,44599,20000,Yes,9525,3000,8041,500,750,3
STORE_410,1,2,2,55771,0,Yes,15614,3000,1315,9000,750,3
STORE_411,0,1,0,66942,0,No,14943,10000,6755,500,750,4
STORE_412,2,1,0,77654,0,Yes,15426,3000,1377,1000,750,1
STORE_413,2,1,0,66540,10000,Yes,11207,6000,7673,3000,750,3
STORE_414,2,1,1,37615,0,Yes,17949,3000,7573,3000,750,1
STORE_415,2,0,0,60727,0,Yes,16794,750,5298,6000,750,3
STORE_416,1,3,0,64748,0,Yes,15816,6000,7489,1000,750,2
STORE_417,0,0,0,71863,0,Yes,19645,10000,5539,500,750,2
STORE_418,1,0,0,59349,20000,Yes,996,1000,6824,500,750,2
STORE_419,1,1,1,76857,0,Yes,7266,6000,9895,6000,750,3
STORE_420,2,0,1,49377,0,No,17550,6000,3323,6000,750,1
STORE_421,1,2,0,50031,10000,Yes,14092,1000,5787,500,750,4
STORE_422,0,0,1,69573,20000,Yes,17241,750,3785,500,750,0
STORE_423,1,1,0,62733,20000,Yes,9780,15000,7933,1000,750,4
STORE_424,1,2,0,31760,0,Yes,2171,3000,6674,6000,750,3
STORE_425,4,2,0,67690,0,Yes,13720,1000,5326,1000,750,2
STORE_426,1,0,0,53714,0,No,8033,1000,4164,500,750,2
STORE_427,1,1,0,45762,0,Yes,16695,6000,997,9000,750,1
STORE_428,0,0,0,70986,20000,Yes,1005,6000,8141,9000,750,3
STORE_429,0,0,0,54332,0,Yes,11769,6000,5143,500,750,4
STORE_430,3,0,0,60100,0,Yes,16237,750,5556,6000,750,3
STORE_431,1,1,0,24944,0,No,9779,10000,631,9000,750,3
STORE_432,0,0,0,68825,0,Yes,3032,3000,5943,6000,750,2
STORE_433,1,1,0,33877,10000,Yes,9494,1000,1357,9000,750,4
STORE_434,0,0,1,49990,0,Yes,18611,3000,9212,6000,750,0
STORE_435,1,3,1,62907,0,Yes,10669,3000,8721,9000,750,2
STORE_436,0,0,1,54076,0,Yes,14085,10000,6647,6000,750,4
STORE_437,0,0,1,72138,0,Yes,1341,15000,5104,1000,750,1
STORE_438,0,1,0,69538,0,Yes,7027,1000,9952,6000,750,2
STORE_439,0,0,1,75283,10000,Yes,3010,10000,2058,1000,750,1
STORE_440,1,1,0,78505,0,Yes,11889,10000,515,1000,750,2
STORE_441,1,1,2,23258,10000,No,1097,15000,4105,500,750,3
STORE_442,4,2,0,75273,20000,No,5193,1000,2107,1000,750,4
STORE_443,2,0,1,51629,20000,Yes,11838,6000,6435,3000,750,1
STORE_444,0,2,2,57579,20000,Yes,9524,1000,2516,1000,750,2
STORE_445,2,0,1,42958,0,Yes,7619,10000,4074,6000,750,1
STORE_446,2,2,0,59465,0,Yes,3595,750,7774,1000,750,2
STORE_447,0,1,0,40317,0,Yes,13136,6000,4291,6000,750,2
STORE_448,0,1,0,35775,20000,Yes,2015,1000,6906,6000,750,0
STORE_449,2,3,0,31039,30000,No,13195,1000,1588,3000,750,0
STORE_450,1,0,1,49097,20000,No,13688,6000,1861,1000,750,0
STORE_451,2,0,0,54207,0,Yes,11909,10000,4973,1000,750,1
STORE_452,1,2,1,42553,20000,Yes,3024,6000,5794,9000,750,3
STORE_453,0,0,0,64402,0,Yes,19604,10000,7606,9000,750,2
STORE_454,3,0,0,73632,0,Yes,11232,1000,7819,500,750,4
STORE_455,1,1,1,20055,0,Yes,19711,3000,9167,6000,750,0
STORE_456,0,1,0,72476,0,Yes,1818,3000,9981,3000,750,1
STORE_457,2,2,0,43161,0,No,15456,750,9020,9000,750,1
STORE_458,0,0,0,52873,0,Yes,6724,6000,1686,1000,750,1
STORE_459,1,1,0,55969,0,Yes,11678,6000,3914,500,750,4
STORE_460,2,1,0,35184,10000,Yes,2700,6000,5986,3000,750,4
STORE_461,0,0,0,20669,20000,Yes,11161,6000,4036,1000,750,0
STORE_462,2,0,1,32663,10000,Yes,14138,6000,2273,1000,750,4
STORE_463,3,1,0,45318,0,No,18521,750,5915,6000,750,0
STORE_464,2,0,0,53734,20000,Yes,5024,750,3058,6000,750,4
STORE_465,2,1,0,36691,20000,Yes,3035,6000,6407,9000,750,4
STORE_466,1,0,1,38522,0,Yes,7795,1000,5579,9000,750,4
STORE_467,0,1,0,31656,0,Yes,2368,750,9954,1000,750,0
STORE_468,0,0,1,35893,0,Yes,11729,3000,7224,1000,750,2
STORE_469,2,2,0,65857,0,Yes,9312,6000,5920,9000,750,0
STORE_470,2,3,0,36493,10000,Yes,12776,1000,3791,9000,750,2
STORE_471,4,0,0,23632,20000,Yes,8593,6000,9710,1000,750,1
STORE_472,0,0,0,50336,0,Yes,10645,6000,4024,3000,750,1
STORE_473,1,0,0,43112,20000,Yes,12716,1000,4004,1000,750,0
STORE_474,1,2,0,58452,20000,Yes,18482,10000,9498,3000,750,2
STORE_475,0,0,1,33266,20000,Yes,6039,6000,6489,3000,750,2
STORE_476,3,1,0,75651,0,Yes,19556,6000,3166,1000,750,2
STORE_477,0,1,0,71067,20000,Yes,19562,6000,9096,500,750,1
STORE_478,1,2,0,36940,0,Yes,3783,750,7640,9000,750,0
STORE_479,0,2,0,44003,0,Yes,9610,6000,9285,6000,750,3
STORE_480,2,2,3,52872,0,Yes,8563,3000,7395,1000,750,2
STORE_481,2,1,0,54815,0,Yes,18548,15000,4607,3000,750,2
STORE_482,1,2,0,50869,10000,Yes,14610,10000,3780,1000,750,3
STORE_483,0,1,0,69297,0,Yes,15044,6000,2712,9000,750,0
STORE_484,1,3,0,37257,0,Yes,4371,1000,8578,3000,750,2
STORE_485,1,1,1,36682,0,Yes,17888,1000,8101,6000,750,0
STORE_486,2,1,1,39622,10000,Yes,3097,1000,1113,6000,750,2
STORE_487,0,0,2,50408,0,Yes,15632,3000,1368,6000,750,4
STORE_488,3,0,1,28837,20000,Yes,17860,1000,1311,500,750,2
STORE_489,3,0,3,35407,0,No,5673,3000,5362,3000,750,4
STORE_490,2,0,1,49309,0,Yes,19783,1000,4677,3000,750,0
STORE_491,2,2,0,26382,0,Yes,16361,15000,2244,500,750,2
STORE_492,0,1,1,47654,0,Yes,16117,750,2756,3000,750,1
STORE_493,1,0,0,38895,0,Yes,19949,15000,8112,500,750,1
STORE_494,1,3,0,75748,0,Yes,9816,15000,9213,1000,750,3
STORE_495,2,1,0,53551,30000,Yes,4029,3000,7696,9000,750,1
STORE_496,6,2,0,41376,10000,No,4557,6000,5923,6000,750,4
STORE_497,3,1,0,20370,0,No,14715,3000,5589,500,750,1
STORE_498,1,1,0,68676,0,Yes,16873,6000,7108,500,750,1
STORE_499,2,2,0,20486,20000,Yes,17741,1000,1969,500,750,1
STORE_500,1,1,0,43762,0,Yes,1384,1000,3175,1000,750,2
STORE_501,3,0,2,46613,0,Yes,13521,6000,2013,500,750,3
STORE_502,0,0,2,67268,10000,Yes,18208,3000,5376,9000,750,0
STORE_503,3,0,1,23196,10000,Yes,19048,6000,1951,9000,750,3
STORE_504,2,1,0,62320,0,Yes,15090,1000,5154,6000,750,4
STORE_505,1,0,0,73439,0,Yes,1338,3000,3507,1000,750,2
STORE_506,1,0,1,49401,0,Yes,3981,750,3624,9000,750,2
STORE_507,1,0,1,55029,10000,No,7101,750,2253,3000,750,1
STORE_508,0,0,0,30813,0,Yes,4588,1000,2112,3000,750,1
STORE_509,0,1,0,61916,0,Yes,2723,750,3775,3000,750,4
STORE_510,6,2,0,28572,0,Yes,15096,750,9247,500,750,2
STORE_511,2,1,0,67776,0,Yes,5794,10000,2549,500,750,0
STORE_512,1,0,0,48225,20000,Yes,10997,750,1324,3000,750,3
STORE_513,0,0,2,65853,20000,Yes,12422,6000,3530,6000,750,2
STORE_514,0,0,1,69390,10000,Yes,11021,1000,1581,6000,750,0
STORE_515,3,2,0,52275,0,Yes,7433,10000,5799,500,750,0
STORE_516,0,1,0,26843,0,Yes,11994,3000,992,3000,750,3
STORE_517,2,1,0,21105,0,Yes,7533,1000,5264,6000,750,0
STORE_518,1,0,0,70538,0,Yes,6344,3000,7702,500,750,4
STORE_519,3,0,0,79896,30000,Yes,4572,3000,8766,3000,750,0
STORE_520,2,0,1,63209,0,Yes,4139,6000,3860,1000,750,4
STORE_521,0,2,0,51639,0,Yes,6664,750,9062,3000,750,0
STORE_522,1,3,0,62487,0,Yes,18914,15000,5182,3000,750,1
STORE_523,3,2,0,38051,10000,No,4438,3000,828,9000,750,0
STORE_524,3,1,0,48708,0,Yes,15433,1000,9468,9000,750,4
STORE_525,2,0,1,55459,0,Yes,13830,6000,5174,1000,750,0
STORE_526,1,2,1,76908,0,Yes,10666,3000,4816,1000,750,0
STORE_527,1,1,0,31864,20000,Yes,5787,10000,9879,3000,750,0
STORE_528,1,1,1,54764,0,Yes,14203,3000,6303,6000,750,4
STORE_529,4,1,0,21425,20000,No,9390,6000,3825,1000,750,0
STORE_530,0,1,0,69146,20000,Yes,831,750,8879,3000,750,3
STORE_531,0,0,0,77175,0,Yes,7028,10000,1714,500,750,3
STORE_532,2,0,0,26849,10000,Yes,16828,6000,8056,9000,750,4
STORE_533,1,0,0,56015,0,Yes,16286,1000,9801,6000,750,1
STORE_534,2,0,2,38976,30000,No,18540,750,9222,3000,750,3
STORE_535,2,0,0,54258,0,Yes,8160,1000,9762,500,750,2
STORE_536,1,1,1,70376,0,Yes,16676,15000,3636,9000,750,3
STORE_537,4,1,2,71739,0,Yes,16250,1000,9654,500,750,2
STORE_538,6,2,0,76866,0,Yes,2230,3000,7118,3000,750,4
STORE_539,4,2,1,72216,30000,Yes,10021,750,5765,1000,750,1
STORE_540,1,1,1,67078,0,Yes,4348,3000,7589,9000,750,2
STORE_541,2,1,0,76956,10000,Yes,15782,6000,8465,500,750,2
STORE_542,2,0,0,51113,0,Yes,8743,15000,9208,1000,750,3
STORE_543,0,1,1,69984,20000,Yes,11645,3000,7069,6000,750,2
STORE_544,0,1,0,35401,0,Yes,16117,10000,1991,3000,750,4
STORE_545,0,2,2,32884,0,Yes,8394,3000,5713,3000,750,4
STORE_546,1,1,0,38824,0,Yes,12698,750,4728,9000,750,4
STORE_547,0,1,2,57563,10000,Yes,18892,1000,8008,500,750,3
STORE_548,4,0,1,54414,0,No,3349,6000,4909,6000,750,1
STORE_549,2,2,1,36142,0,Yes,6563,15000,1090,9000,750,3
STORE_550,1,0,0,67074,0,No,4603,10000,7879,9000,750,4
STORE_551,2,1,0,69592,10000,No,19426,1000,3556,500,750,3
STORE_552,0,0,1,25956,0,Yes,2251,1000,2706,6000,750,4
STORE_553,0,1,0,33928,0,Yes,9172,1000,3208,500,750,0
STORE_554,1,1,0,29721,0,Yes,8300,15000,6481,3000,750,0
STORE_555,0,2,1,31157,20000,Yes,5000,10000,6222,1000,750,2
STORE_556,2,1,1,55135,20000,Yes,7741,10000,1247,3000,750,1
STORE_557,1,2,1,26696,0,Yes,17248,3000,9492,3000,750,0
STORE_558,2,1,0,47862,0,Yes,5156,3000,7053,9000,750,4
STORE_559,0,1,0,25190,0,Yes,19481,3000,1997,3000,750,3
STORE_560,1,0,1,24663,0,Yes,1791,1000,1879,6000,750,3
STORE_561,0,1,2,59830,0,Yes,7677,3000,9371,3000,750,2
STORE_562,1,1,1,24331,10000,Yes,17145,750,7860,6000,750,3
STORE_563,2,1,1,78648,0,Yes,8621,750,4270,500,750,0
STORE_564,0,0,1,72186,20000,Yes,7125,10000,3842,9000,750,3
STORE_565,0,3,1,64648,0,Yes,4426,10000,9588,6000,750,0
STORE_566,3,0,0,48549,10000,No,13767,3000,2046,3000,750,0
STORE_567,2,2,0,36246,0,Yes,3815,3000,3626,9000,750,1
STORE_568,2,5,1,45761,0,Yes,2786,3000,6389,9000,750,2
STORE_569,3,0,1,23262,0,Yes,3796,6000,6708,6000,750,4
STORE_570,1,1,0,66088,0,Yes,17674,10000,9375,6000,750,0
STORE_571,1,1,1,71259,0,Yes,826,10000,1795,1000,750,2
STORE_572,2,1,2,27036,10000,No,16630,6000,1885,1000,750,4
STORE_573,3,0,0,79184,20000,Yes,17157,1000,1442,9000,750,3
STORE_574,1,0,0,73472,0,No,17809,1000,3780,1000,750,2
STORE_575,1,2,0,42322,0,Yes,5017,3000,1533,3000,750,2
STORE_576,2,2,1,39131,0,Yes,6738,1000,3286,500,750,2
STORE_577,1,0,0,24677,0,Yes,9430,10000,2733,9000,750,3
STORE_578,1,1,0,27972,0,No,2235,1000,2120,500,750,3
STORE_579,1,1,0,35329,10000,Yes,15463,750,4035,1000,750,2
STORE_580,0,1,0,57032,30000,Yes,3169,3000,3705,6000,750,1
STORE_581,0,1,2,55901,20000,Yes,16062,15000,3382,9000,750,0
STORE_582,0,0,1,64380,0,Yes,4245,1000,670,1000,750,3
STORE_583,0,1,1,70617,20000,Yes,17890,6000,8640,3000,750,1
STORE_584,4,0,0,40493,10000,No,11466,3000,4397,9000,750,3
STORE_585,1,1,0,38595,0,Yes,13192,750,4622,9000,750,2
STORE_586,1,2,0,41923,0,Yes,18913,3000,5609,6000,750,1
STORE_587,0,0,1,66926,20000,Yes,13711,6000,9783,9000,750,4
STORE_588,0,2,1,29735,0,Yes,11057,3000,3337,6000,750,0
STORE_589,2,1,0,54457,0,Yes,7237,10000,9099,1000,750,0
STORE_590,0,1,1,62531,0,Yes,10414,1000,5728,3000,750,3
STORE_591,1,2,0,27727,0,Yes,17110,750,4669,3000,750,0
STORE_592,0,0,0,27764,0,Yes,17392,15000,7221,9000,750,4
STORE_593,1,2,1,73693,20000,No,4825,3000,1179,9000,750,1
STORE_594,1,0,0,72693,10000,No,18252,6000,7929,1000,750,1
STORE_595,3,1,2,65771,10000,Yes,16035,10000,5987,6000,750,2
STORE_596,2,1,1,47599,0,Yes,8381,1000,736,3000,750,1
STORE_597,1,0,1,20818,10000,No,3767,6000,7304,6000,750,3
STORE_598,0,2,0,67207,0,Yes,18792,750,2923,1000,750,4
STORE_599,1,2,2,67845,0,Yes,18931,1000,1532,3000,750,2
